id,titre,theme,mots_cles,producteur,type_prod,frequence,licence,modifie,lignes,description
espaces_verts_supplementaires,M² d'espaces verts supplémentaires,Environnement,"DEVE,espaces verts,végétalisation",Direction des Espaces Verts et de l'Environnement - Ville de Paris,,,Licence Ouverte (Etalab),2026-09-04,64,"Les espaces verts supplémentaires (par projet) Cet indicateur, qui alimente l’indicateur d’espace public végétalisé, est lié à l’objectif de créer 30 hectares d’espaces verts supplémentaires au cours de la mandature. Les surfaces sont exprimées en hectares et sont comptabilisées depuis août 2020. Elles intègrent les créations de parcs, jardins, les renaturations d’espaces verts existants, les extensions et les ouvertures au public d’espaces verts existants, y compris les tronçons de la Petite Ceinture."
budget-participatif_operations-projets-gagnants-realisations,Budget Participatif - Les opérations des projets lauréats jusqu’à leurs réalisations,Citoyenneté,"budget participatif,Démocratie participative,Ville de Paris,intérêt général,plateforme citoyenne Paris,Décider pour Paris,proposer projets Paris,idées citoyennes Paris","Direction de la Démocratie, des Citoyen.ne.s et des Territoires - Ville de Paris",,,Open Database License (ODbL),2026-09-04,5504,"Cette table de données présente les opérations des projets lauréats du Budget Participatif , de leur planification jusqu’à leur réalisation. Depuis 2014, le Budget Participatif est un dispositif de participation citoyenne qui invite les Parisiennes et Parisiens à proposer à la Ville de Paris des idées d'intérêt général. Il permet de décider directement d’une partie des investissements qui seront réalisés : ce sont les habitantes et habitants (à partir de 7 ans et sans condition de nationalité) qui choisissent par leur vote les projets qui seront mis en œuvre. Pour plus d'informations sur ce je"
dans-ma-rue,Dans Ma Rue - Anomalies signalées,"Equipements, Services, Social","propreté,signalement,graffiti,DMR,encombrants,Mobilier urbain,espace public,2 roues motorisés,vélo,Dans Ma Rue",Ville de Paris,,,Open Database License (ODbL),2026-09-04,1517820,"Anomalies signalées par les contributeurs-utilisateurs de l'application Dans Ma Rue sur l'année précédente et sur l'année en cours (à J - 3mois) . Depuis 2012 la ville de Paris a lancé une application mobile de signalements des anomalies sur l'espace public appelée "" Dans Ma Rue"". Plus d'informations Signaleurs « Dans ma rue » : agir sur l’espace public Dans ce jeu de données vous retrouvez l 'ensemble des anomalies signalées de l'année précédente et en cours à J - 3 mois. Les données antérieures sont disponibles dans le jeu de données historique : Dans Ma Rue - Historique - Anomalies signalée"
stationnement-en-ouvrage,Stationnement en ouvrage,Mobilité et Espace Public,"stationnement,parking,concessions,parc,DVD,BNLS,PAN,entrées parking,parcs,2 roues motorisés,moto,auto,véhicule électrique,vélo,PMR",Direction de la Voirie et des Déplacements - Ville de Paris,,,Open Database License (ODbL),2026-09-04,125,"Ce jeu de données liste les parcs de stationnements concédés de la Ville de Paris, leurs entrées, l'offre tarifaire ainsi que les types de véhicules accueillis. Cette donnée géographique géolocalise l'ensemble des parcs de stationnement sur leur entrée principale et décrit l'offre de stationnement tel que définie par schema.data.gouv.fr reposant sur la loi d’orientation des mobilités (LOM). La LOM désigne les collectivités territoriales comme étant responsables de la mise à disposition des données sur la plateforme transport.data.gouv.fr, qui constitue le Point d’Accès National des données de "
les-arbres,Arbres,Environnement,"Arbres,Espacesverts,DEVE",Direction des Espaces Verts et de l'Environnement - Ville de Paris,,,Open Database License (ODbL),2026-09-04,219360,"Cette couche géo-localise une partie des arbres relevant de la Ville de Paris. Cela inclut les arbres d’alignement (dans les rues), ceux des espaces verts et des équipements publics municipaux. Elle n’inclut pas les bosquets, les ensembles forestiers, les arbres du domaine privé etc. Attention : cette donnée n’est pas mise à jour en temps réel et de grands décalages peuvent apparaître (particulièrement dans les espaces verts) et son périmètre ne couvre ni l’ensemble de l’action de la Ville, ni les arbres privés. Sur cette couche de données sont renseignés la mensuration, la classification des "
arbres-abattus-pour-raison-sanitaires-et-essence-de-remplacement,Arbres abattus pour raisons sanitaires et essence de remplacement,Environnement,"arbres,DEVE",Direction des Espaces Verts et de l'Environnement - Ville de Paris,,,Open Database License (ODbL),2026-09-04,421,"Jeu de données géographique présentant les arbres récemment abattus pour des raisons de sécurité. Il est précisé pour chaque arbre la raison de cette décision (pathologie, défaut mécanique, etc.) ainsi que l’essence de l’arbre prévu en remplacement. Ce jeu de données ne prend en compte que les arbres abattus pour raison sanitaire jusqu'à leur replantation ou jusqu'à 6 mois après leur abattage. La donnée a été construite à partir des tournées de surveillance réalisées depuis le printemps 2021. Un arbre doit être abattu lorsqu’il présente un risque de chute ou de contamination d’autres arbres. A"
arbres-plantes-par-projet,Arbres plantés,Environnement,"arbres,DEVE",Direction des Espaces Verts et de l'Environnement - Ville de Paris,,,Open Database License (ODbL),2026-09-04,1069,"Jeu de données géographique présentant l’ensemble des projets des plantations d’arbres (alignement et peuplement forestier) Ce jeu de données est issu des projets de plantation d’arbres. Cette donnée n’est pas à jour en temps réel. En effet, le nombre important d'acteurs plantant des arbres à Paris allonge le délai d’intégration de ces nouvelles plantations dans les systèmes d’informations."
dechets-menagers-pavda,Déchets ménagers - Points d'apport volontaire (PAVDA) - Abri-bac Déchets Alimentaires,Environnement,"Ordures ménagères,Point de collecte,Tri,Equipements,DPE,PAVDA,déchets",Direction de la Propreté et de l'Eau - Ville de Paris,,DAILY,Licence Ouverte (Etalab),2026-09-04,447,"Localisation des abri-bacs en apport volontaire destinés aux déchets alimentaires. Les abri-bacs en apport volontaire destinés aux déchets alimentaires complètent l'offre de tri des déchets alimentaires fournie également par les stations Trilib' (voir jeu de données associés). Depuis l'instauration de l'obligation du tri à la source des déchets alimentaires depuis le 1e Janvier 2024, ces mobiliers permettent aux parisiens de trier leurs déchets alimentaires. Que met-on dans les abri-bacs en apport volontaire destinés aux déchets alimentaires ? TOUS les déchets alimentaires : restes et préparat"
fermetures-voirie,Fermetures de voirie programmées,Mobilité et Espace Public,"Fermetures,périphérique,voies sur berges,bretelles,tunnels",Direction de la Voirie et des Déplacements - Ville de Paris,,,Open Database License (ODbL),2026-09-04,128,"Fermetures de voirie programmées Cette donnée représente les fermetures de voirie (bretelles du périphérique, périphérique, tunnels, voies sur berges) programmées sur deux mois. La mise à jour est quotidienne. Producteur : DVD – Délégation aux territoires – Section des tunnels, des berges et du périphérique."
autorisations-durbanisme-h,Autorisations d'Urbanisme - Historique,Urbanisme et Logements,"urbanisme,permis,construire,declaration,travaux,amenager,Dossier,Demande,DU",Direction de l'Urbanisme - Ville de Paris,,,Open Database License (ODbL),2026-09-04,384140,"Jeu de données géolocalisées exposant l'historique des autorisations d'urbanismes La Direction de l'Urbanisme de la Ville de Paris instruit et délivre les autorisations d'urbanisme indispensables aux entreprises ou aux particuliers. Elle contrôle leur mise en œuvre et verbalise les travaux sans autorisation ou non conformes aux autorisations délivrées. Elle délivre aussi les autorisations relatives aux enseignes, à la publicité, aux étalages et aux terrasses. Elle recouvre les droits de voirie et taxes d'urbanisme"
parissetransforme,Paris se transforme,"Mobilité et Espace Public,Citoyenneté,Commerces et Tourisme,Environnement",,Direction de la Communication - Ville de Paris,,MONTHLY,Licence Ouverte (Etalab),2026-09-04,3262,"Jeu de données des projets de transformation de la Ville de Paris Chaque enregistrement désigne une réalisation. Découvrez grâce à ce jeu de donnée comment Paris se transforme, ce qui change dans votre arrondissement et dans votre quartier. Ce jeu de données contient : Les Réalisations de la Ville de Paris Il comprend des indications sur les adresses et les catégories des réalisations. Sur Paris.fr retrouvez La carte des réalisations"
stationnement-voie-publique-emplacements,Stationnement sur voie publique - emplacements,Mobilité et Espace Public,"stationnement payant,stationnement rotatif,livraison,deux-roues,autocars,vélos,stationnement,stationnement mixte,DVD",Direction de la Voirie et des Déplacements - Ville de Paris,,,Open Database License (ODbL),2026-09-04,65814,"Le jeu de données présente les emplacements des zones de stationnement de différents types (payant, rotatif, mixte, livraison, autocars, vélos, deux-roues motorisés...) Ces données évoluant rapidement, la Ville de Paris ne peut en garantir l'exhaustivité. Les emplacements des zones de stationnement sont représentées par des points. Ce jeu de données est associé aux jeux de données Stationnement sur voie publique - emprises et Stationnement sur voie publique - Stationnement interdit"
chantiers-perturbants,Travaux perturbants la circulation,Mobilité et Espace Public,"chantiers,perturbations,DVD",Direction de la Voirie et des Déplacements - Ville de Paris,,,Open Database License (ODbL),2026-09-04,113,"Donnée contenant l'ensemble des chantiers perturbants de la Ville de Paris. Donnée surfacique décrivant l'ensemble des chantiers perturbants de la ville de Paris. Les chantiers perturbants sont définis comme « Les chantiers principaux ayant un impact sur la circulation » Attention la donnée n'est pas exhaustive et ne représente pas la totalité des chantiers à Paris. Les chantiers représentés répondent principalement aux critères suivants : perturbent la circulation des voitures ou des vélos durent plus d'une semaine sont situés sur les voies principales, hors périphérique Les polygones sont cr"
bp_projets_gagnants,Budget participatif - Les projets lauréats,Citoyenneté,"budget participatif,Démocratie participative,Ville de Paris,intérêt général,plateforme citoyenne Paris,Décider pour Paris,proposer projets Paris,idées citoyennes Paris","Direction de la Démocratie, des Citoyen.ne.s et des Territoires - Ville de Paris",,,Open Database License (ODbL),2026-09-04,1446,"Cette table de données présente les projets lauréats du Budget Participatif , de leur planification jusqu’à leur réalisation. Depuis 2014, le Budget Participatif est un dispositif de participation citoyenne qui invite les Parisiennes et Parisiens à proposer à la Ville de Paris des idées d'intérêt général. Il permet de décider directement d’une partie des investissements qui seront réalisés : ce sont les habitantes et habitants (à partir de 7 ans et sans condition de nationalité) qui choisissent par leur vote les projets qui seront mis en œuvre. Pour plus d'informations vous avez à votre dispos"
comptages-routiers-permanents,Comptage routier - Données trafic issues des capteurs permanents,Mobilité et Espace Public,"circulation,trafic,comptage routier,capteur,capteur trafic,IoT,DVD",Direction de la Voirie et des Déplacements - Ville de Paris,,,Open Database License (ODbL),2026-09-04,27984256,"Données de trafic routier issues des capteurs permanents sur 13 mois glissants en J-1 Sur le réseau parisien, la mesure du trafic s’effectue majoritairement par le biais de boucles électromagnétiques implantés dans la chaussée. Les données historiques sont disponibles dans le jeu de données Comptage routier - Historique - Données trafic issues des capteurs permanents La donnée est produite par la Direction de la Voirie et des déplacements - Service des Déplacements - Poste Central d'Exploitation Lutèce. La donnée et les visualisations associées (Tableau, Carte et Dataviz) sont brutes sans aucu"
arbres-plantes-hors-peuplement-forestier,Les arbres d'alignement (plantés hors peuplement forestier),Environnement,"arbres,DEVE",Direction des Espaces Verts et de l'Environnement - Ville de Paris,,,Open Database License (ODbL),2026-09-04,19126,"Jeu de données géographique présentant les arbres d'alignement (plantés hors peuplement forestiers) Il est précisé pour chaque arbre son adresse, son essence, sa date de plantation… Ce jeu de données ne prend en compte que les arbres plantés après le 1er novembre 2021. Cette donnée n’est pas à jour en temps réel . En effet, le nombre important d'acteurs plantant des arbres à Paris allonge le délai d’intégration de ces nouvelles plantations dans les systèmes d’informations."
belib-points-de-recharge-pour-vehicules-electriques-donnees-statiques,Belib' - Points de recharge pour véhicules électriques - Données statiques,Mobilité et Espace Public,"Belib,IRVE,BRVE,DVD,véhicule électrique,rechargement,Stationnement",Direction de la Voirie et des Déplacements - Ville de Paris,,,Open Database License (ODbL),2026-09-04,1898,"Donnée géolocalisée des points de recharge [ Bélib' ] pour véhicules électriques en service. Belib’ est le réseau public parisien de bornes de recharge pour véhicules électriques, opéré par Total Marketing France depuis mars 2021. Il comprend environ 2000 points de charge répartis sur 430 stations, dont une partie des anciennes stations Autolib’. Des bornes de recharge rapide sont déjà déployées dans certains dans certains parcs concédés. Ce jeu de données est mis à jour quotidiennement. Il est conforme aux spécifications Schema.data.gouv.fr du fichier d'échange relatives aux données concernan"
velib-emplacement-des-stations,Vélib' - Localisation et caractéristique des stations,Mobilité et Espace Public,"vélo,velib,mobilité",Autolib Velib Métropole,,,Open Database License (ODbL),2026-09-04,1519,"Jeu de données présentant les caractéristiques et la localisation des stations Vélib’ Métropole. Pour en savoir plus sur le Service Vélib' Vélib’ Métropole, ce sont près de 1 400 stations réparties sur 55 communes en Métropole et près de 400 km² desservis , soit le plus grand service de vélos partagés au monde incluant des vélos électriques rechargeables en station. Les données mises à disposition sont des données de type dynamique permettant de suivre l’évolution du service en temps réel. Le moment de la dernière mise à jour est renseigné dans chaque base. Ces données vous permettront de conn"
ascenseurs-escalators-tele-surveillance-temps-reel,Ascenseurs / Escalators - Télé-surveillance temps réel,"Equipements, Services, Social","Ascenseur,escalator,accessibilité,PMR,espace public,mobilité,Equipements,DCPA",Direction Constructions Publiques et Architecture - Ville de Paris,,,Open Database License (ODbL),2026-09-04,33,"Donnée géo-localisée des ascenseurs / escalators avec leurs statuts de fonctionnement en temps réel L'opérateur de télé-surveillance des équipements GETRALINE, prestataire pour l'ensemble des ascenseurs / escalators sous gestion Ville de Paris. GETRALINE fourni une API (Application Programming Interface), une interface informatique qui fait remonter automatiquement dans ce jeu de données une panne ou une résolution de panne. Via cette API de type Push (pousser), chaque équipement individuellement fait remonter éventuellement un changement de statut."
comptage-velo-compteurs,Comptage vélo - Compteurs,Mobilité et Espace Public,"vélo,piste cyclable,bande cyclable,DVD,IoT,comptage vélo",Direction de la Voirie et des Déplacements - Ville de Paris,,,Open Database License (ODbL),2026-09-04,113,Jeu de données listant et localisant les compteurs des sites de comptage vélos de la Ville de Paris. Un site de comptage peut être équipé d'un compteur dans le cas d'un aménagement cyclable unidirectionnel ou de deux compteurs dans le cas d'un aménagement cyclable bi-directionnel. La Ville de Paris déploie depuis plusieurs années des compteurs vélo permanents (site ou point de comptage) pour évaluer le développement de la pratique cycliste. Les compteurs sont situés sur des pistes cyclables et dans certains couloirs bus ouverts aux vélos. Les autres véhicules (ex : trottinettes…) ne sont pas c
comptage-velo-donnees-compteurs,Comptage vélo - Données compteurs,Mobilité et Espace Public,"vélo,comptage vélo,piste cyclable,DVD,IoT,bande cyclable",Direction de la Voirie et des Déplacements - Ville de Paris,,,Open Database License (ODbL),2026-09-04,1052340,"ATTENTION :Au 08/09/2023, le jeu de données Comptage vélo - Données compteurs subit des dysfonctionnements qui peut altérer la véracité des informations transmises. Nos équipes techniques sont mobilisés pour résoudre le problème au plus vite. Jeu de données des comptages horaires de vélos par compteur et localisation des sites de comptage en J-1 sur 13 mois glissants Un site de comptage peut être équipé d'un compteur dans le cas d'un aménagement cyclable unidirectionnel ou de deux compteurs dans le cas d'un aménagement cyclable bi-directionnel. La Ville de Paris déploie depuis plusieurs années"
velib-disponibilite-en-temps-reel,Vélib - Vélos et bornes - Disponibilité temps réel,Mobilité et Espace Public,"vélo,velib,mobilité",Autolib Velib Métropole,,,Open Database License (ODbL),2026-09-04,1519,"Jeu de données présentant la disponibilité des bornettes, vélos mécaniques et électriques des stations Vélib’ Métropole. Pour en savoir plus sur le Service Vélib' Vélib’ Métropole, ce sont près de 1 400 stations réparties sur 55 communes en Métropole et près de 400 km² desservis , soit le plus grand service de vélos partagés au monde incluant des vélos électriques rechargeables en station. Les données mises à disposition sont des données de type dynamique permettant de suivre l’évolution du service en temps réel. Le moment de la dernière mise à jour est renseigné dans chaque base. Ces données "
stationnement-sur-voie-publique-stationnement-interdit,Stationnement sur voie publique - Stationnement interdit,Mobilité et Espace Public,"Stationnement,internet,DVD",Direction de la Voirie et des Déplacements - Ville de Paris,,,Open Database License (ODbL),2026-09-04,974820,"Le jeu de données présente les emplacements de stationnement interdit. Ces données évoluant rapidement, la Ville de Paris ne peut en garantir l’exhaustivité. Ce jeu de données est associé aux jeux de données Stationnement sur voie publique - emplacements et Stationnement sur voie publique - emprises"
stationnement-sur-voie-publique-emprises,Stationnement sur voie publique - emprises,Mobilité et Espace Public,"parking,Stationnement,voirie,véhicule,stationnement mixte,deux-roues,vélos,DVD",Direction de la Voirie et des Déplacements - Ville de Paris,,,Open Database License (ODbL),2026-09-04,65814,"Le jeu de données présente les emprises des zones de stationnement de différents types (payant, rotatif, mixte, livraison, autocars, vélos, deux-roues motorisés...). Ces données évoluant rapidement, la Ville de Paris ne peut en garantir l'exhaustivité. Les emplacements des zones de stationnement sont représentées par des polygones. Un polygone peut inclure plusieurs places de stationnement. Ce jeu de données est associé au jeu de données Stationnement sur voie publique - emplacements et Stationnement sur voie publique - Stationnement interdit"
adresse_paris,Adresses,Urbanisme et Logements,"numéro,point,vecteur,coordonnées,adresse,voie,localisation,DU",Direction de l'Urbanisme - Ville de Paris,,,Open Database License (ODbL),2026-09-04,153467,Données géographiques ponctuelles. L'adresse est constituée d’un numéro de voirie et du nom d’une rue dans une commune. Elle permet ainsi de localiser géographiquement un lieu. Etendue géographique : Paris Fichier joint contient la description des données
arbres-a-abattre-pour-raison-sanitaires-et-essence-de-remplacement,Arbres à abattre pour raisons sanitaires et essence de remplacement,Environnement,"arbres,DEVE",Direction des Espaces Verts et de l'Environnement - Ville de Paris,,,Open Database License (ODbL),2026-09-04,373,"Jeu de données géographique présentant les arbres prochainement abattus pour des raisons de sécurité. Il est précisé pour chaque arbre la raison de cette décision (pathologie, défaut mécanique, etc.) ainsi que l’essence de l’arbre prévu en remplacement. Ce jeu de données ne prend en compte que les arbres à abattre pour raison sanitaire jusqu'à leur replantation ou jusqu'à 6 mois après leur abattage. La donnée a été construite à partir des tournées de surveillance réalisées depuis le printemps 2021. Un arbre doit être abattu lorsqu’il présente un risque de chute ou de contamination d’autres arb"
dechets-menagers-points-dapport-volontaire-stations-trilib,Déchets ménagers - Points d'apport volontaire - Stations Trilib',Environnement,"Ordures ménagères,Point de collecte,Tri,Equipements,DPE,TRILIB,déchets",,,DAILY,Licence Ouverte (Etalab),2026-09-04,440,"Localisation des stations Trilib' pour le tri des emballages, verre et déchets alimentaires. Les stations Trilib' sont des points d'apport volontaire destinés aux emballages, papiers, verre et déchets alimentaires (complétant l'offre de tri des déchets alimentaires fournie également par les abri-bacs déchets alimentaires (voir jeu de données associés). Une station Trilib' est composée, en règle générale, de quatre ""modules"" permettant le tri : Deux modules d'opercule de couleur jaune : vous pouvez jeter tout ce que vous jetez d'habitude dans le bac à couvercle jaune (emballages plastiques - mé"
arbresremarquablesparis,Les arbres remarquables,Environnement,"Arbres,remarquables,DEVE",Direction des Espaces Verts et de l'Environnement - Ville de Paris,,,Open Database License (ODbL),2026-09-04,185,"Géo-localisation des arbres remarquables d'alignement, des jardins, des cimetières parisiens, des écoles, des établissements de la petite enfance, Création de la donnée : 2006 Pour plus de renseignements, consultez la notice en pièce jointe OU le dossier spécial Arbres remarquables à Paris"
chantiers-a-paris,Chantiers à Paris,Mobilité et Espace Public,"chantiers,espace public,emprises chantier,Restriction circulation,circulation,stationnement,mobilité",Direction de la Voirie et des Déplacements - Ville de Paris,,,Open Database License (ODbL),2026-09-04,4785,"Jeu de données des chantiers en cours à J-1, de la Ville de Paris, des opérateurs de réseaux ainsi que des chantiers privés qui occupent l'espace public parisien. Chaque enregistrement désigne une emprise de chantier. Un chantier peut contenir plusieurs emprises. L’emprise d’un chantier désigne une surface occupée temporairement par des travaux sur l’espace public. Elle correspond à l’espace déclaré par le demandeur (particulier riverain, concessionnaire de service public, maître d'œuvre ou conducteur de travaux, entreprise de BTP...) à l’occasion d’une demande d’autorisation d’occupation temp"
ilots-de-fraicheur-espaces-verts-frais,"Ilots de fraîcheur - Espaces verts ""frais""",Environnement,"canicule,îlots de fraîcheur,ombre,végétation,Climat,DTEC,OBS-TES,Adaptation climatique",Direction de la Transition Écologique et du Climat - Ville de Paris,,,Open Database License (ODbL),2026-09-04,984,"Ce jeu de données recense les espaces verts « frais » de la Ville de Paris ainsi que certains parcs et jardins de l’Etat classés en fonction de leur part de végétation haute (ombrage attendu) et de leurs ouvertures nocturnes. Cette classification proposée par l’APUR (Atelier parisien d’urbanisme), est issue de l’étude commandée par la Ville de Paris sur le couvert végétal et la canopée qui a permis de cartographier la végétation haute de plus de 8m de haut, sur l’ensemble du territoire parisien. La part de végétation haute permet en journée de déterminer si l’espace vert en question est : Très"
espaces_verts,Espaces verts et assimilés,Environnement,"parcs,jardins,squares,promenades,talus,jardinets,DEVE,Cimetières,Jardinières,murs végétalisés",Direction des Espaces Verts et de l'Environnement - Ville de Paris,,,Open Database License (ODbL),2026-09-04,2534,"Cette couche surfacique localise géographiquement l'emprise des espaces verts publics (parcs, squares, promenades etc...) gérés par la Ville de Paris. Code Type espace vert Descriptif 1 Promenades ouvertes Espaces verts (parcs, jardins ou squares) situés sur le domaine affecté à la DEVE ou avec convention avec la Ville sur tout autre domaine. 2 Jardinets décoratifs Espaces verts (parcs, jardins ou squares) situés sur le domaine affecté à la DEVE ou avec convention avec la Ville sur tout autre domaine, ayant un caractère exclusivement décoratifs. 3 Végétalisation d'espace public Regroupe l'ense"
dossiers-recents-durbanisme,Autorisations d'urbanisme - 6 derniers mois,Urbanisme et Logements,"urbanisme,aménagement,Construction,Demande,Dossier,DU",Direction de l'Urbanisme - Ville de Paris,,,Open Database License (ODbL),2026-09-04,8095,"Jeu de données géolocalisées exposant les autorisations d'urbanisme des 6 derniers mois La Direction de l'Urbanisme de la Ville de Paris instruit et délivre les autorisations d'urbanisme indispensables aux entreprises ou aux particuliers. Elle contrôle leur mise en œuvre et verbalise les travaux sans autorisation ou non conformes aux autorisations délivrées. Elle délivre aussi les autorisations relatives aux enseignes, à la publicité, aux étalages et aux terrasses. Elle recouvre les droits de voirie et taxes d'urbanisme Liste des autorisations d'urbanisme : permis de construire ( PC ), permis "
amenagements-cyclables,Linéaires d'aménagement cyclable,Mobilité et Espace Public,"piste cyclable,plan vélo,aménagement cyclable",Direction de la Voirie et des Déplacements - Ville de Paris,,DAILY,Open Database License (ODbL),2026-09-04,158307,"Les données sont issues d’OSM selon le schéma décrit dans la notice (Notice_amenagements_cyclables.pdf). La donnée contient l’ensemble des éléments obligatoires attendus dans le schéma national des aménagements cyclables . Néanmoins pour obtenir les données aménagement cyclable au format du schéma national, il est possible d’utiliser https://transport.data.gouv.fr/datasets/amenagements-cyclables-france-metropolitaine/ ou https://geodatamine.fr/ La donnée Itinéraires cyclables est issue de la base de données libre et ouverte OpenStreetMap (OSM) ©Les contributeurs d'OSM . Pour les données les pl"
terrasses-autorisations,Terrasses et étalages : Autorisations,Urbanisme et Logements,"DU,terrasses,Occupation espace public,commerce,bar,autorisation",Direction de l'Urbanisme - Ville de Paris,,,Open Database License (ODbL),2026-09-04,24238,"Ce jeu de données liste et géolocalise les terrasses permanentes et estivales ainsi que les étalages, autorisés à Paris. L'installation des étalages et terrasses sur la voie publique ainsi que des contre-étalages et contre-terrasses, des commerces accessoires aux terrasses et des dépôts de matériel ou objets divers devant les boutiques sont soumises à autorisation. Plus d'informations: http://www.paris.fr/professionnels/l-entreprise-au-quotidien/terrasses-et-etalages-3516"
ilots-de-fraicheur-equipements-activites,Ilots de fraîcheur - Equipements / Activités,Environnement,"canicule,îlots de fraîcheur,DTEC,OBS-TES,Climat,Adaptation climatique",Direction de la Transition Écologique et du Climat - Ville de Paris,,,Open Database License (ODbL),2026-09-04,535,"Ce jeu de données recense les équipements et activités « frais » sur le territoire parisien. Les équipements frais peuvent être de différentes catégories : Piscines Baignades extérieures Bains-douches Lieux de cultes naturellement frais (matériaux, ventilation, etc.) Musées climatisés ou naturellement frais Bibliothèques climatisées ou naturellement fraîches Mairies d’arrondissement Salles rafraîchies du plan canicule Terrains de boules ombragés Leur recensement a été réalisé par l’APUR (Atelier parisien d’urbanisme) et la Ville de Paris. La Ville de Paris poursuit le recensement des équipemen"
belib-points-de-recharge-pour-vehicules-electriques-disponibilite-temps-reel,Belib' - Points de recharge pour véhicules électriques - Disponibilité temps réel,Mobilité et Espace Public,"BRVE,IRVE,Belib,Stationnement,véhicule électrique,rechargement",Direction de la Voirie et des Déplacements - Ville de Paris,,,Open Database License (ODbL),2026-09-04,1968,"Donnée géolocalisée de disponibilité en temps réel des Points de recharge [ Bélib' ] pour véhicules électriques - Infrastructure de Recharge des Véhicules Electriques (IRVE) Le conseil de Paris a voté l’attribution d’une concession de services à un nouvel opérateur, Total Marketing France (TMF) , pour l’exploitation technique et commerciale des bornes de recharge publiques à Paris. Concrètement, le réseau d’anciennes bornes Autolib' va progressivement être remplacé par de nouvelles bornes. La fin de ce déploiement est prévu pour janvier 2022. Les bornes Belib’ restent quant à elles en place. L"
que-faire-a-paris-,Que Faire à Paris ? - Evènements et activités,Culture,"loisirs,évenement,agenda culturel,activité,Paris,Région,DICOM",Direction de la Communication - Ville de Paris,,,Open Database License (ODbL),2026-09-04,3280,"Que faire à Paris est l’agenda participatif de la Ville de Paris. Vous trouverez ici tous les événements et activités de Paris et sa région publiés sur le site. La structure du jeu de données a évolué. Les deux taxonomies – catégories et tags – ont étés rassemblées en une seule. Les anciennes catégories étaient exclusives (un évènement ne pouvait avoir qu'une seule catégorie), et les catégories et tags choisis étaient souvent redondants ; nous avons donc conservé uniquement le classement par tags en transformant les anciennes catégories en tags, et nettoyé les potentiels doublons. Site web : Q"
circulation_evenement,Evénements affectant la circulation parisienne,Mobilité et Espace Public,"voirie,circulation",,,,Licence Ouverte (Etalab),2026-09-04,167,"La Ville de Paris met à disposition les informations d’événements affectant la circulation parisienne telles qu’elles sont repérées par le centre de régulation parisien (PC LUTECE). Chaque ligne du jeu de données contient l’identifiant de l’évènement, la date de début, la date de fin, la description libre, le type de l’évènement, le sous type de l’évènement, la rue concernée, la géométrie de la polyligne associée et l’éventuel sens de circulation concerné. Ce jeu de données est mis à jour toutes les 5 minutes. Les informations ou les conseils délivrés aux usagers par les tiers exploitant ces d"
commission-du-vieux-paris-adresses-instruites,Commission du Vieux Paris - Adresses instruites,"Culture,Urbanisme et Logements","DAC,patrimoine,Art,Archéologie,Architecture,urbanisme",Direction des Affaires Culturelles - Ville de Paris,,,Open Database License (ODbL),2026-09-03,4994,"Jeu de données référençant les adresses (dossiers à instruire) présentées en Commission du Vieux Paris depuis 2005, précise les voeux émis s’il y en a eu et donne accès à partir de 2006 aux documents de séances. La Commission du Vieux Paris est un comité consultatif. Ce comité a pour mission de conseiller le (la) Maire de Paris pour la protection du patrimoine parisien sous ses aspects historiques, artistiques, esthétiques, archéologiques, architecturaux et urbains. Plus d’informations : Statuts de la Commission du Vieux Paris La Commission du Vieux Paris - Historique : En 1897, est instituée "
volumesnonbatisparis,Espaces non bâtis,Urbanisme et Logements,"Urbanisme,non bâti,bâti,DU",Direction de l'Urbanisme - Ville de Paris,,,Open Database License (ODbL),2026-09-03,126037,Donnée vecteur qui décrit les espaces non bâtis intérieurs au parcellaire. Vous trouverez en pièce jointe une notice explicative du jeu de données
dechets-menagers-points-dapport-volontaire-composteurs,Déchets ménagers - Points d'apport volontaire - Composteurs,Environnement,"Ordures ménagères,Point de collecte,Tri,Equipements,DPE",Direction de la Propreté et de l'Eau - Ville de Paris,,MONTHLY,Licence Ouverte (Etalab),2026-09-03,99,"Localisation des points de collecte en apport volontaire destinés au composte. Composter ses biodéchets À Paris, les déchets organiques représentent encore 22 % des ordures ménagères du bac à couvercle vert. Composter ses biodéchets permet de recycler ses déchets de cuisine et de jardin et de produire naturellement de l’engrais pour les plantations. En triant et valorisant ses biodéchets à la source grâce au compostage, on peut réduire de 77 kg le poids de déchets produits par an par habitant ! Le compostage, comment ça fonctionne ? Les déchets de cuisine et de jardin sont déposés dans un bac "
denominations-emprises-voies-actuelles,Dénominations des emprises des voies actuelles,Urbanisme et Logements,"voie ,adresse,Arrêté,rue,Nom des rues,DU",Direction de l'Urbanisme - Ville de Paris,,,Open Database License (ODbL),2026-09-03,6625,"Nomenclature officielle des voies intégrant la date de la dénomination, les textes réglementaires et des informations sur l’historique et l’origine du nom. Cela correspond à la donnée mis en valeur par l’application cartographique sur paris.fr : Nomenclature officielle des voies de Paris. Donnée géographique permettant de consulter l'actualité des nominations des emprises de voies portée à délibération au Conseil de Paris. Ce jeu de données permet aussi sur certaines voies d’avoir des indications sur les dénominations historiques. Le schéma de données est expliqué et détaillé au bas de cette n"
comptage-multimodal-comptages,"Comptage multimodal (Vélo, Trottinette, 2RM, VL, PL, Autobus-car) - Comptages",Mobilité et Espace Public,"DVD,comptage vélo,comptage routier,IoT,trottinettes,vélo,moto,auto,2RM,VL,PL,mobilité",Direction de la Voirie et des Déplacements - Ville de Paris,,,Open Database License (ODbL),2026-09-03,12420367,"Jeu de données des comptages multimodaux horaires par mode de déplacement issus de capteurs thermiques. La Ville de Paris collecte des données de comptages de véhicules par : Modes de déplacements (Trottinettes, Trottinettes + Vélos (lorsque la distinction entre ces 2 modes de déplacement n’est pas implémenté sur le capteur), Vélos, 2 roues motorisées, Véhicules légers &lt; 3,5 tonnes, Véhicules lourds &gt; 3,5 tonnes, Autobus & autocars), Types de file de circulation (Corona-pistes, Pistes cyclables, Voies de circulation générales), Sens de circulation . Ces données sont construites en exploi"
sanisettesparis,Toilettes publiques,"Equipements, Services, Social","sanisette,Mobilier urbain,Toilette,Equipements",Ville de Paris,,,Open Database License (ODbL),2026-09-03,610,"Jeu de données regroupant les toilettes publiques présentes sur l'espace public, dans les parcs et jardins et sur les quais de Seine. Toilettes publiques gérées par : La Direction de la Voirie et des Déplacements pour l'espace public, La Direction des Espaces Verts et de l'Environnement pour les parcs et jardins, La Direction de la Propreté et de l'Eau pour les quais de Seine. Lavatory : Toilettes à accès payant déléguées à un prestataire de service Pour en savoir plus sur Paris.fr ."
pcrs-paris,Plan du Corps de Rue Simplifié (PCRS) de la Ville de Paris (arrondissements 1 à 20),Mobilité et Espace Public,"PCRS,topographie,voirie,plan,corps de rue simplifié",Ville de Paris – INSEE 75056,,MONTHLY,Licence Ouverte (Etalab),2026-09-03,0,"Un Plan du Corps de Rue Simplifié ( PCRS) constitue le socle commun topographique minimal de base décrivant à très grande échelle les limites apparentes de la voirie. Il est limité aux objets les plus utiles et n'aborde aucune des logiques « métiers » par ailleurs traitées chez les gestionnaires de réseaux. Le PCRS est destiné à servir de support topographique à un grand nombre d'applications requérant la meilleure précision possible. Il répond essentiellement aux exigences de la réglementation dite « anti endommagement » ou réforme DT-DICT portant sur les travaux à proximité des réseaux, nota"
beneficiaires-pass-paris-senior-pass-paris-access-periodicite-mensuelle,Pass Paris Seniors Access',"Equipements, Services, Social","transport,CASVP,Aide personnes handicapés,Personnes âgées,Aide aux transports,handicap,PMR,DSOL",Direction des Solidarités (DSOL),,,Open Database License (ODbL),2026-09-03,2060,Nombre de bénéficiaires du Pass Paris Seniors & Access' Le Pass Paris Seniors ou Access’ (PPSA) est un titre de transport attribué sous forme d’un forfait unique dézoné et gratuit depuis le 1 er juin 2018. Il est proposé à deux catégories de public parisien : aux personnes âgées (Pass Paris Seniors) et aux personnes en situation de handicap (Pass Paris Access’). L’attribution du titre de transport est soumise à des conditions de ressources basées sur le montant d’imposition sur le revenu. Statut de la demande Plafond d’imposition au 31/12/2024 1 ère demande 2 028 € Renouvellement 2 430 € Pour 
reseau-parisien-dinclusion-numerique,Réseau parisien d'inclusion numérique,"Equipements, Services, Social","numérique,inclusion,Services,DSOL",Direction des Solidarités (DSOL),,WEEKLY,Licence Ouverte (Etalab),2026-09-03,443,"Services, lieux, acteurs, partenaires de la Ville de Paris pour l’inclusion numérique Résultat d’un travail participatif avec l’ensemble des acteurs, ce jeu de données propose une cartographie de l’inclusion numérique. Elle permet de répertorier les différents partenaires ainsi que les types d’activités proposées : accès libre / accompagnement administratif / formations-ateliers. Plus d’information sur la stratégie parisienne de l'inclusion numérique sur paris.fr Cartographie de l’inclusion numérique"
budget_participatif_nombre_votants_opendata,Nombre de votants au budget participatif,Citoyenneté,"budget participatif,Démocratie participative,Ville de Paris,intérêt général,plateforme citoyenne Paris,Décider pour Paris,proposer projets Paris,idées citoyennes Paris","Direction de la Démocratie, des Citoyen.ne.s et des Territoires - Ville de Paris",,ANNUAL,Licence Ouverte (Etalab),2026-09-03,11,"Depuis 2014, le Budget Participatif est un dispositif de participation citoyenne qui invite les Parisiennes et Parisiens à proposer à la Ville de Paris des idées d'intérêt général. Il permet de décider directement d’une partie des investissements qui seront réalisés : ce sont les habitantes et habitants (à partir de 7 ans et sans condition de nationalité) qui choisissent par leur vote les projets qui seront mis en œuvre. Pour plus d'informations : Le site de la Participation citoyenne Décider pour Paris Le mode d’emploi du Budget Participatif"
volumesbatisparis,Volumes bâtis,Urbanisme et Logements,"bâti,non bâti,Urbanisme,Foncier,DU",Direction de l'Urbanisme - Ville de Paris,,,Open Database License (ODbL),2026-09-03,362007,"Donnée vecteur qui décrit les bâtiments de manière détaillée en différenciant les bâtis en fonction de leur hauteur et des parties en saillie ou en retrait, définissant ainsi des volumes. Vous trouverez en pièce jointe une notice décrivant les valeurs attributaires et la modélisation géométrique des bâtiments."
nombre-de-beneficiaires-paris-solidarite,Paris Solidarité,"Equipements, Services, Social","Aide personnes handicapés,Aide personnes âgées,ressources,CASVP,Aide Sociale,DSOL",Direction des Solidarités (DSOL),,,Open Database License (ODbL),2026-09-03,400,Nombre de bénéficiaires Paris Solidarité Le Paris Solidarité (PSOL) est un complément de ressources mensuel destiné aux personnes âgées ou en situation de handicap disposant de faibles revenus et percevant tous les avantages légaux auxquels elles peuvent prétendre. Le montant de l’aide Paris Solidarité est égal à la différence entre un plafond et les ressources du demandeur. Ces ressources sont réputées au moins équivalentes aux montants de l’Allocation de Solidarité aux Personnes Âgées (ASPA) et l’Allocation aux Adultes Handicapés (AAH). Les montants sont calculés lors de l’attribution de l’a
allocation-de-soutien-aux-parents-denfants-handicapes,Allocation de Soutien aux Parents d'Enfant(s) Handicapé(s),"Equipements, Services, Social","CASVP,Famille,handicap,Enfant handicapé,Aide Sociale,Aide famille,DSOL",Direction des Solidarités (DSOL),,,Open Database License (ODbL),2026-09-03,400,Nombre de bénéficiaires pour l'Allocation de Soutien aux parents d'Enfant(s) Handicapé(s) L’Allocation de Soutien aux Parents d’Enfant(s) Handicapé(s) (ASPEH) est une aide mensuelle de 153 € à destination des familles ayant un ou plusieurs enfants mineurs ou majeurs en situation de handicap à charge. Elle est versée pour chaque enfant en situation de handicap : enfant(s) de moins de 20 ans titulaire(s) de l’Allocation d’Education de l’Enfant Handicapé (AEEH) ou enfant(s) de 20 ans ou plus titulaire(s) de l’Allocation Adulte Handicapé (AAH). Lorsque l’enfant est hébergé dans un établissement co
secteurs-paris-respire,Paris Respire - Secteurs,Mobilité et Espace Public,"circulation,zones apaisées,voirie,Zones de circulation,DVD,mobilité",Direction de la Voirie et des Déplacements - Ville de Paris,,,Open Database License (ODbL),2026-09-02,28,"Donnée géographique représentant les quartiers de l'opération Paris Respire L’opération Paris Respire prévoit la fermeture de certaines voies de circulation, pour profiter pleinement de l'espace parisien. Plus d'information sur le site Paris.fr et Cartographie Paris respire L'opération a lieu toute l'année ou uniquement en été selon les quartiers. Durant ces fermetures à la circulation, les zones demeurent accessibles aux riverains véhiculés sur présentation de la carte grise à l'adresse du logement concerné. Les secteurs Paris Respire sont à mettre en parallèle au jeu de données des Aires pié"
jardins-partages,Jardins partagés,Environnement,"jardins,agriculture urbaine",Direction des Espaces Verts et de l'Environnement - Ville de Paris,,,Open Database License (ODbL),2026-09-02,189,"Jeu de données géo-localisé des jardins partagés parisiens Le jardin partagé est un espace vert cultivé et animé par les habitants. C'est un lieu de vie ouvert sur le quartier qui favorise les rencontres entre générations et entre cultures. Géré par des riverains regroupés en association, il facilite les relations entre les différents lieux de vie de l'arrondissement : écoles, maisons de retraite, hôpitaux… Plus d'informations sur Paris.fr"
sites-disposant-du-service-paris-wi-fi,Paris Wi-Fi - Sites disposant du service,"Equipements, Services, Social","wifi,internet,Paris Wi-Fi",Direction des Systèmes d’Information et du Numérique - Ville de Paris,,,Open Database License (ODbL),2026-09-02,314,"Liste des sites municipaux disposant d'un hotspot Paris Wi-Fi permettant une connexion à Internet limitée. L'accès au service internet Wi-Fi de la Ville de Paris est ouvert aux usagers dans la limite de la tranche horaire de 7h à minuit.. Les connexions sont limités à 2h, sans limitation de reconnexion. Les Conditions Générales d'Utilisation du service sont disponibles en pièce jointe. Ce jeu de données est directement lié celui des usages : Paris Wi-Fi - Utilisation des hotspots Paris Wi-Fi Paris Wi-Fi est un service mis en place par la Ville de Paris. Il vous permet de vous connecter gratuit"
stationnement-sur-voie-publique-secteurs-residentiels,Stationnement sur voie publique - Zones de stationnement résidentiel,Mobilité et Espace Public,"Stationnement,stationnement résidentiel,DVD",Direction de la Voirie et des Déplacements - Ville de Paris,,,Open Database License (ODbL),2026-09-02,162,Le stationnement résidentiel facilite le stationnement des résidents Parisiens près de leur domicile et les incite à utiliser d’autres moyens de transport à Paris. Pour en savoir plus sur le stationnement résidentiel : paris.fr Cartographie des Zones de stationnement résidentiel Données juin 2023.
jardins-relais,Jardins relais,Environnement,,Agence d'Ecologie Urbaine - Direction des Espaces Verts et de l'Environnement - Ville de Paris,,,Open Database License (ODbL),2026-09-02,27,"Ce jeu de données recense les jardins relais sur le territoire parisien. Le dispositif « Jardin relais » a été créé afin d’encourager et de soutenir les initiatives d’accompagnement et d’entraide de végétalisation citoyenne au plus près de chez soi. Un jardin relais est une association intervenant dans le domaine de la végétalisation participative, gérant un jardin partagé ou non, qui propose des informations, du partage d’expérience et de ressources et participe à l’animation de la communauté de végétaliseurs.euses sur le terrain."
conseils-quartiers,Les conseils de quartier,Citoyenneté,"Conseil de quartier,Quartier,arrondissement,participation citoyenne,DDCT","Direction de la Démocratie, des Citoyen.ne.s et des Territoires - Ville de Paris",,,Open Database License (ODbL),2026-09-01,117,"Lieu d'écoute, d'échange, d'expression et de formulation de vœux des habitants, des commerçants et des associations sur tous les aspects de la vie de quartier, le Conseil de quartier est une instance consultative de proximité. Les préoccupations, les propositions et les projets des habitants y sont formulés, adoptés collectivement et peuvent être transmis aux Mairies d'arrondissement puis au Conseils d'arrondissement. Dernière mise à jour de la donnée : Novembre 2018 Producteurs : Mairies d'arrondissements et Direction de la Démocratie, des Citoyens et des Territoires Intégration DSTI - Bureau"
eclairage-public,Eclairage public,Mobilité et Espace Public,"lampadaires,luminaires,éclairage public,mobilier urbain",Direction de la Voirie et des Déplacements - Ville de Paris,,MONTHLY,Open Database License (ODbL),2026-09-01,165581,"Données d'éclairage public Le jeu de données décrit les composantes de l’éclairage public parisien : types d'ouvrage (candélabre, console, projecteur…), supports, luminaires, lampes… Chaque ligne correspond à une lampe. Plusieurs lampes peuvent être associées au même ouvrage. Les données sont extraites de la base de l’outil de GMAO de Cielis, titulaire du Marché Global de Performance de la Ville de Paris depuis 2021."
seniors-a-paris-loisirs-et-citoyennete,Seniors à Paris - Activités de loisirs et citoyenneté,"Equipements, Services, Social","Seniors,Services,loisirs,citoyenneté,DSOL,DASES",Direction des Solidarités (DSOL),,ANNUAL,Open Database License (ODbL),2026-09-01,1078,"Jeu de données géo-localisées recensant l’offre d’activités à destination des seniors parisiens. Pour favoriser l’autonomie des seniors parisiens, la Ville de Paris soutient les initiatives locales contribuant au bien vieillir. Avec le concours de la Conférence des Financeurs de la prévention de la perte d’autonomie de Paris, la Ville déploie sur le territoire parisien une offre variée d’ateliers destinés au plus de 60 ans. Ce jeu de données permet de trouver les activités par thématiques, modalités d’accueil, types de structures et localisations. Précaution d’usages : Les activités sont posit"
laboratoires-danalyses-medicales,Laboratoires d'analyses médicales VIHTEST,"Equipements, Services, Social","Santé,VIH,Dépistage",Ville de Paris,,,Open Database License (ODbL),2026-09-01,156,"Jeu de données localisant les Laboratoire d'analyses médicales participant à l'opération VIHTEST, le dépistage en laboratoire sans ordonnance. Depuis le 1er juillet 2019, il est possible de faire un test du VIH sans ordonnance et sans frais dans tous les laboratoires de Paris. En 2020 l’opération est reconduite et il possible de faire un test du VIH sans ordonnance pris en charge à 100 % sans avance de frais, sur simple demande et sans rendez-vous, dans tous les laboratoires d’analyses médicales de Paris. Cette nouvelle offre vise à simplifier le réflexe du dépistage du VIH dans la population,"
zonage-pluvial,Zonage pluvial,Environnement,"Parispluie,eaux pluviales,Réglementation",Direction de la Propreté et de l'Eau - Ville de Paris,,,Open Database License (ODbL),2026-09-01,5,"Zonage du Règlement pluvial de Paris Le zonage pluvial de Paris, opposable depuis mars 2018 et annexé au PLUb, a fait l'objet d'une révision en octobre 2025. Cette révision est entrée en vigueur le 1 er janvier 2026. L'objectif du zonage pluvial est de valoriser l'eau de pluie au plus près de l'endroit où elle tombe et de réduire les rejets vers le réseau d'assainissement, afin de préserver la qualité de la Seine et la ressource en eau, de réduire le risque d’inondation par débordement du réseau, de favoriser la création d’îlots de fraîcheur et de soutenir la biodiversité. Le zonage pluvial fi"
modules-sonores-passages-pietons,Modules sonores passages piétons,Mobilité et Espace Public,"modules sonores,SLT,sonorisation,feux tricolores,handicap,passages piétons,DVD",Direction de la Voirie et des Déplacements - Ville de Paris,,,Open Database License (ODbL),2026-09-01,10431,Modules sonores équipant la signalisation lumineuse tricolore pour les personnes aveugles ou malvoyantes. Extraction de la Base EVESA Gestionnaire de l’éclairage public et de la Signalisation Lumineuse Tricolore de la Ville de Paris. Ce jeu de données peut être lié au jeu de données Signalisation Tricolore Lumineuse . La clé commune entre les deux jeux de données est le CODE_OUVRAGE ou COD_OUVRAG
denominations-des-voies-caduques,Dénominations caduques des voies,Urbanisme et Logements,"voie ,adresse,rue,Nom des rues,DU",Direction de l'Urbanisme - Ville de Paris,,,Open Database License (ODbL),2026-09-01,9103,"Nomenclature officielle des voies – dénominations caduques Cela correspond à la donnée des dénominations rendues caduques, soit par un changement de dénomination, soit par la suppression physique de la voie. Les informations contenues dans le jeu de données permettent de retrouver la filiation des dénominations ou de retrouver les voies supprimées dans le champ [Historique]. Un grand nombre de dénominations caduques ne comprennent pas de données liées à l'informatisation (code voie, code DGFIP,…), les dénominations étant déjà caduques à la mise en place des systèmes de filaire de voie. Par ail"
signalisation-tricolore,Signalisation lumineuse tricolore,Mobilité et Espace Public,"signalisation,circulation,SLT,feux tricolores,Mobilier urbain,DVD",Direction de la Voirie et des Déplacements - Ville de Paris,,,Open Database License (ODbL),2026-09-01,139336,"Données du patrimoine de la Signalisation Lumineuse Tricolore de la Ville de Paris - Signalisation Lumineuse Tricolore - Signalisation Complémentaire Données extraites de la base de l'outil de GMAO Système de coordonnées de ce jeu de données : RGF93 Lambert 93, WKID 2154 Système de coordonnées d'origine: NTF Lambert Nord France, WKID 27561 Ce jeu de données peut être lié au jeu de données Modules sonores passages piétons . La clé commune entre les deux jeux de données est le CODE_OUVRAGE ou COD_OUVRAG Nom du champ Type de données Alias COD_OUVRAG VARCHAR(254) Identifiant de l'ouvrage FOYER VAR"
commerces-eau-de-paris,Commerces - Eau de Paris,Commerces et Tourisme,"commerces,Eau potable,Eau de Paris",Eau de Paris,,,Open Database License (ODbL),2026-08-31,1500,"Localisation des commerces partenaires ayant intégrés le dispositif ""Ici je choisis l'Eau de Paris"" Les commerçants permettent aux passants de venir boire de l'eau dans leur commerce ou de remplir leur gourde. C’est l’idée d'”Ici, je choisis l’eau de Paris”, un dispositif qui vient compléter le réseau de 1 200 fontaines et points d’eau déjà disponibles dans à toute heure et dans toute la ville. Chaque commerçant a le choix de son mode de distribution : carafe sur le comptoir, fontaine en libre-service ou remplissage à la demande. Pour en savoir plus : https://www.eaudeparis.fr/ici-je-choisis-l"
fontaines-a-boire,Fontaines à boire,"Equipements, Services, Social","Eau potable,eau,fontaine,Eau de Paris,canicule,îlots de fraîcheur",Eau de Paris,,,Open Database License (ODbL),2026-08-31,1323,"Localisation des fontaines à boire Eau de Paris sur les espaces gérés par la Ville de Paris. 1 200 POINTS D’EAU POTABLE DANS LA RUE Eau de Paris veille à favoriser l’accès à l’eau pour tous en gérant notamment une partie de l’important réseau des 1 200 points d’eau dans les rues, les parcs et les bois : fontaines Wallace, du Millénaire, à l’Albien, Pétillante, Totem, bornes fontaines dans les jardins publics, points d’eau aux sanisettes… Afin de garantir un accès à l’eau dans toute la ville, Eau de Paris a en charge les 190 fontaines à boire de la capitale situées sur la voie publique (Wallace"
voie,Filaire de voies,Urbanisme et Logements,"rue,voie,filaires,vecteur,linéaire,dénomination,DU",Direction de l'Urbanisme - Ville de Paris,,,Open Database License (ODbL),2026-08-31,6664,"Le filaire de voie désigne la représentation linéaire de l'axe des voies de circulation. U ne voie est un emplacement localisé et dénommé par un arrêté municipal ou, dans le cas d’une voie privée, agréé par une décision administrative. Etendue géographique : Paris Fichier joint contient la description des données"
permis-de-vegetaliser,Permis de végétaliser,Environnement,"végétation,végétalisation",Direction des Espaces Verts et de l'Environnement - Ville de Paris,,,Open Database License (ODbL),2026-08-31,1730,"Cette couche ponctuelle représente la localisation des permis de végétaliser délivrés. Le permis de végétaliser parisien a pour objet de définir les conditions dans lesquelles le demandeur est autorisé, sous le régime des occupations temporaires du domaine public, à occuper les emplacements afin de lui permettre de réaliser et d’entretenir un ou des dispositifs de végétalisation (arbres notamment fruitiers, murs, jardinières mobiles, keyholes, tuteurs, clôtures, signalétique, plantations en pleine terre en pied d’arbre ou non, mobiliers urbains, tels les potelets, les pieds de façades, les fos"
bornes-dappel-taxi,Stations de taxi,Mobilité et Espace Public,"taxi,taxis,borne,station,stationstaxi",Direction de la Voirie et des Déplacements - Ville de Paris,,,Open Database License (ODbL),2026-08-31,420,"Stations de taxi La donnée contient la liste des stations de taxis parisiennes : stations principales (dont une soixantaine avec bornes d’appel) environ 300 stations de taxi secondaires une dizaine de stations situées dans les gares TGV. Il s’agit d’une donnée ponctuelle, les points correspondant à la tête des stations. Elle est compatible avec le schéma national des stations de taxi , mis en place par l’équipe Le.Taxi pour améliorer l’information dont disposent les voyageurs. Les stations temporairement neutralisées ne sont pas affichées. Plus d’informations sur les taxis à Paris Cartographie"
troncon_voie,Tronçons de Voies,Urbanisme et Logements,"rue,voie,filaire,tronçons,DU",Direction de l'Urbanisme - Ville de Paris,,,Open Database License (ODbL),2026-08-31,25096,"Données géographiques linéaires. Les tronçons de voie donnent une représentation schématique du réseau des voies publiques et privées à partir de leur axe central. L’extrémité d’un tronçon correspond généralement à un croisement avec une autre voie (qu’il soit au même niveau ou non), ou à la fin d’une voie en impasse. Entendu géographique : Paris Dernière mise à jour : juin 2018 Fichiers joints : troncon_voie.pdf contient la description des données"
referentiel-comptages-routiers,Comptage routier - Référentiel géographique,Mobilité et Espace Public,"trafic,capteur trafic,circulation,comptage routier,DVD",Direction de la Voirie et des Déplacements - Ville de Paris,,,Open Database License (ODbL),2026-08-31,3739,"Référentiel géographique (arcs du réseau) pour les données trafic issues des capteurs permanents. Ce jeu de données contient le référentiel de la disposition des arcs du réseau renseigné, support des données des capteurs permanents du trafic routier, projection en EPSG:2154. La jointure avec les données de trafic doit se faire par l'attribut i u_ac . En lien avec le jeu de données suivant : Comptage routier - Données trafic issues des capteurs permanents"
aires-pietonnes,Aires piétonnes et assimilées,Mobilité et Espace Public,"DVD,circulation,zones apaisées,voirie,Zones de circulation,mobilité",Direction de la Voirie et des Déplacements - Ville de Paris,,,Open Database License (ODbL),2026-08-30,707,"Jeu de données géographique des zones affectées à la circulation piétonne. Dans ces zones, seuls les véhicules nécessaires à la desserte interne de la zone sont autorisés à circuler à l'allure du pas et les piétons sont prioritaires sur ceux-ci. Ce jeu de données ne contient que les aires piétonnes permanentes (voir aussi la donnée Paris respire pour les piétonisations périodiques)."
zones-de-rencontre,Zones de rencontre,Mobilité et Espace Public,"circulation,zones apaisées,vitesse,voirie,Zones de circulation,DVD",Direction de la Voirie et des Déplacements - Ville de Paris,,,Open Database License (ODbL),2026-08-30,228,"Zones dans lesquelles la vitesse des véhicules est limitée à 20 km/h. Ces zones, adaptées aux rues commerçantes, concilient la circulation des piétons, des cyclistes et des automobilistes. Ce jeu de données comprend : - le nom de la zone, - l'arrondissement concerné, - le type d'arrêté, - la date d'arrêté."
liste-des-directions-de-la-ville-de-paris,Liste des directions de la Ville de Paris,Administration et Finances Publiques,,Direction de la Transition Écologique et du Climat - Ville de Paris,,ANNUAL,Open Database License (ODbL),2026-08-20,23,Liste des directions de la Ville de Paris issue de la page Paris.fr Organigramme de la Ville de Paris
proportion-de-produits-alimentaires-bio-servis-dans-les-restaurants-collectifs-municipaux-et,Proportion de produits alimentaires BIO servis dans les restaurants collectifs municipaux et départementaux,Environnement,"alimentation,alimentation biologique,produits biologiques,cantines",Direction des Espaces Verts et de l’Environnement – Ville de Paris,,ANNUAL,Licence Ouverte (Etalab),2026-08-18,4,"Cet indicateur mesure la proportion des achats labellisés biologiques dans la valeur d’achat hors taxes des repas servis dans les restaurants collectifs de la Ville de Paris. Le calcul est basé sur les données transmises par les gestionnaires de restauration collective : crèches, écoles, collèges, restaurant du personnel de la Ville de Paris, EHPAD, restaurants solidaires et Emeraude, établissements d’aide sociale à l’enfance. L’obligation réglementaire est d'atteindre les 20% au 1er janvier 2022. Le Plan Alimentation Durable 2022-2027 fixe un objectif de 75% de produits biologiques d’ici 2027"
bilan-social-temps-de-travail-non-titulaires-permanents-temps-partiel,Bilan Social - Temps de travail des effectifs non titulaires permanents à temps partiel,Administration et Finances Publiques,"travail,ressources humaines,Bilan social,effectif,titulaires,temps partiel,DRH",Direction des Ressources Humaines - Ville de Paris,,,Open Database License (ODbL),2026-08-18,216,"Ce jeu de données répartit les effectifs en activité de contractuels au 31 décembre de chaque année par collectivité (commune, département, et pour 2018 seulement, ville de Paris), par modalité d’exercice de l’activité à temps partiel (quotité de temps partiel), par catégorie hiérarchique, par sexe, par année. Le bilan social de la collectivité parisienne fournit, chaque année, les informations quantitatives mais aussi qualitatives sur les ressources humaines de la Ville de Paris. Il retrace l’évolution des principaux indicateurs relatifs à la politique des ressources humaines, qu’il s’agisse "
titularisations,Bilan Social - Titularisations,Administration et Finances Publiques,"agents,ressources humaines,titulaires,contrarts,Bilan social,DRH",Direction des Ressources Humaines - Ville de Paris,,,Open Database License (ODbL),2026-08-18,650,"Ce jeu de données recense le nombre de femmes et d'hommes titularisés dans un corps de fonctionnaire au cours d'une année donnée, répartis par collectivité, catégorie hiérarchique et corps. Le bilan social de la collectivité parisienne fournit, chaque année, les informations quantitatives mais aussi qualitatives sur les ressources humaines de la Ville de Paris. Il retrace l’évolution des principaux indicateurs relatifs à la politique des ressources humaines, qu’il s’agisse des effectifs, des rémunérations, de l’hygiène et de la sécurité, des carrières et de la formation ou encore des condition"
bilan-social-temps-de-travail-non-titulaires-permanents,Bilan Social - Temps de travail des effectifs non titulaires permanents,Administration et Finances Publiques,"travail,temps,ressources humaines,Bilan social,non titulaire,DRH",Direction des Ressources Humaines - Ville de Paris,,,Open Database License (ODbL),2026-08-18,127,"Ce jeu de données répartit les effectifs en activité de contractuels au 31 décembre de chaque année par collectivité (commune, département, et pour 2018 seulement, ville de Paris), par modalité d’exercice du temps de travail (temps plein et temps partiel), par catégorie hiérarchique, par sexe, par année. Le bilan social de la collectivité parisienne fournit, chaque année, les informations quantitatives mais aussi qualitatives sur les ressources humaines de la Ville de Paris. Il retrace l’évolution des principaux indicateurs relatifs à la politique des ressources humaines, qu’il s’agisse des ef"
bilan-social-tranche-dage-detaillees-pour-15-corps,Bilan Social - Tranche d'âge détaillées pour 15 corps,Administration et Finances Publiques,"age,agents,ressources humaines,Bilan social,DRH",Direction des Ressources Humaines - Ville de Paris,,,Open Database License (ODbL),2026-08-18,1979,"Ce jeu de données recense le nombre d'hommes et de femmes dans 15 corps selon leur âge. Les corps regroupent des fonctionnaires soumis à un même ensemble de règles appelé statut particulier qui est fixé par décret ou délibération. Le bilan social de la collectivité parisienne fournit, chaque année, les informations quantitatives mais aussi qualitatives sur les ressources humaines de la Ville de Paris. Il retrace l’évolution des principaux indicateurs relatifs à la politique des ressources humaines, qu’il s’agisse des effectifs, des rémunérations, de l’hygiène et de la sécurité, des carrières e"
bilan-social-positions-statutaires-particulieres-autre-que-detachement,Bilan Social - Positions statutaires particulières autres que détachement,Administration et Finances Publiques,"agents,ressources humaines,statut,Bilan social,DRH",Direction des Ressources Humaines - Ville de Paris,,,Open Database License (ODbL),2026-08-17,87,"Ce jeu de données recense le nombre de fonctionnaires par position statutaire particulière hors détachement (disponibilités, ...), par sexe et par collectivité au 31 décembre de chaque année. Le bilan social de la collectivité parisienne fournit, chaque année, les informations quantitatives mais aussi qualitatives sur les ressources humaines de la Ville de Paris. Il retrace l’évolution des principaux indicateurs relatifs à la politique des ressources humaines, qu’il s’agisse des effectifs, des rémunérations, de l’hygiène et de la sécurité, des carrières et de la formation ou encore des conditi"
promotions-de-grade-suite-a-examen-professionnel,Bilan Social - Promotions de grade suite à examen professionnel (détails),Administration et Finances Publiques,"ressources humaines,promotion,Bilan social,DRH",Direction des Ressources Humaines - Ville de Paris,,,Open Database License (ODbL),2026-08-17,267,"Ce jeu de données recense par année le nombre d'hommes et de femmes titulaires ayant bénéficié d'une promotion de grade suite à la réussite d'un examen professionnel. La promotion a pour effet d'entraîner le passage d'un fonctionnaire dans un grade supérieur. Cette promotion peut se réaliser par avancement au choix ou par avancement suite à examen professionnel . La variable Filière apparaît en 2016. Le bilan social de la collectivité parisienne fournit, chaque année, les informations quantitatives mais aussi qualitatives sur les ressources humaines de la Ville de Paris. Il retrace l’évolution"
recrutement-sur-concours-bilan-social,Bilan Social - Recrutement sur concours,Administration et Finances Publiques,"recrutement,concours,ressources humaines,Bilan social,DRH",Direction des Ressources Humaines - Ville de Paris,,,Open Database License (ODbL),2026-08-17,846,"Ce jeu de données correspond au recrutement de fonctionnaires de la ville de Paris par la procédure du concours. Les informations sont réparties par collectivité, catégorie hiérarchique, filière métiers et métiers/corps, nature de concours. Elles mentionnent par sexe le nombre d’inscrits, de présents, de reçus sur les listes principales, de reçus sur les listes complémentaires. Le bilan social de la collectivité parisienne fournit, chaque année, les informations quantitatives mais aussi qualitatives sur les ressources humaines de la Ville de Paris. Il retrace l’évolution des principaux indicat"
bilan-social-temps-de-travail-des-effectifs-titulaires-permanents-temps-partiel,Bilan Social - Temps de travail des effectifs titulaires permanents à temps partiel,Administration et Finances Publiques,"travail,ressources humaines,Bilan social,effectif,titulaires,temps partiel,DRH",Direction des Ressources Humaines - Ville de Paris,,,Open Database License (ODbL),2026-08-17,311,"Ce jeu de données répartit les effectifs en activité de fonctionnaires au 31 décembre de chaque année par collectivité (commune, département, et pour 2018 seulement, ville de Paris), par modalité d’exercice de l’activité à temps partiel (quotité de temps partiel), par catégorie hiérarchique, par sexe, par année. Il est rappelé que les fonctionnaires parisiens ne sont recrutés que sur des emplois à temps complet. Le bilan social de la collectivité parisienne fournit, chaque année, les informations quantitatives mais aussi qualitatives sur les ressources humaines de la Ville de Paris. Il retrace"
bilan-social-accident-de-travail-et-de-trajet-par-corps-depuis-2016,Bilan Social - Accident de travail et de trajet par corps - depuis 2016,Administration et Finances Publiques,"travail,accident,ressources humaines,Bilan social,DRH",Direction des Ressources Humaines - Ville de Paris,,,Open Database License (ODbL),2026-08-17,854,"Accident de trajet : Accident survenu lors du parcours entre le lieu du travail et le domicile ou le lieu de restauration, à l’heure normale. Les données présentées concernent les fonctionnaires et les contractuels. Elles indiquent, par collectivité, par corps, par sexe, le nombre d’accidents de trajet ainsi que le nombre de jours d’arrêt de travail qui leur sont associés. Accident de service-travail : Accident de service des fonctionnaires et accident du travail des agents non‑titulaires. Ces accidents surviennent lorsque l’agent est sous l’autorité de l’employeur, pendant le temps et sur le "
formation-par-categories-bilan-social,Bilan Social - Formation par catégories,Administration et Finances Publiques,"formation,ressources humaines,Bilan social,DRH",Direction des Ressources Humaines - Ville de Paris,,,Open Database License (ODbL),2026-08-17,85,"La formation accompagne les agents tout au long de leur parcours professionnel. L'offre de formation proposée a notamment pour objet de répondre à : une exigence de professionnalisation des agents sur leurs postes de travail ; des souhaits d'évolution professionnelle et de promotion individuelle (préparations aux concours et examens professionnels , cours de remise à niveau et de perfectionnement) ; la volonté d'accompagner le changement au sein des directions. Dans le bilan social les données sont présentées par catégorie hiérarchique et par thèmes. Par catégorie , la recension est faite en c"
promotions-par-categorie-hommes-femmes,Bilan Social - Promotions de grade au choix et par examen professionnel (synthèse),Administration et Finances Publiques,"promotion,égalité,ressources humaines,Bilan social,DRH",Direction des Ressources Humaines - Ville de Paris,,,Open Database License (ODbL),2026-08-17,39,"Ce jeu de données recense par année le nombre d'hommes et de femmes titulaires, d'une part remplissant les conditions pour pouvoir éventuellement bénéficier d'une promotion (promouvables) et d'autre part le nombre d'hommes et de femmes titulaires ayant effectivement bénéficié d'une promotion de grade (soit au choix, soit par examen professionnel). Le bilan social de la collectivité parisienne fournit, chaque année, les informations quantitatives mais aussi qualitatives sur les ressources humaines de la Ville de Paris. Il retrace l’évolution des principaux indicateurs relatifs à la politique de"
formation-par-themes-bilan-social,Bilan Social - Formation par thèmes,Administration et Finances Publiques,"formation,agents,Bilan social,DRH",Direction des Ressources Humaines - Ville de Paris,,,Open Database License (ODbL),2026-08-17,201,"La formation accompagne les agents tout au long de leur parcours professionnel. L'offre de formation proposée a notamment pour objet de répondre à : une exigence de professionnalisation des agents sur leurs postes de travail ; des souhaits d'évolution professionnelle et de promotion individuelle (préparations aux concours et examens professionnels , cours de remise à niveau et de perfectionnement) ; la volonté d'accompagner le changement au sein des directions. Dans le bilan social les données sont présentées par catégorie hiérarchique et par thèmes. Par catégorie , la recension est faite en c"
bilan-social-effectifs-non-titulaires-permanents,Bilan Social - Effectifs non titulaires permanents,Administration et Finances Publiques,"ressources humaines,agents,social,Bilan social,non titulaire,Contractuel,DRH",Direction des Ressources Humaines - Ville de Paris,,,Open Database License (ODbL),2026-08-17,2738,"Effectifs non titulaires permanents : Dans une acception large, le terme de non‑titulaire, comme celui de contractuel, peut désigner tout agent public qui n’a pas le statut de titulaire (ou de fonctionnaire). Dans une acception plus restrictive, le terme de non‑titulaire désigne généralement les agents qui ne sont ni titulaires, ni assistantes maternelles, ni bénéficiaires d’emplois aidés (qui relèvent du droit privé). On considère généralement comme équivalents les termes de non‑titulaire et de contractuel. Les agents non titulaires permanents sont ceux qui exercent une activité normale et ha"
positions-statutaires-particulieres-detachements-bilan-social,Bilan Social - Positions statutaires particulières : Détachements,Administration et Finances Publiques,"agents,ressources humaines,statut,détachement,Bilan social,DRH",Direction des Ressources Humaines - Ville de Paris,,,Open Database License (ODbL),2026-08-17,249,"Ce jeu de données recense le nombre de fonctionnaires en position de détachement au 31 décembre de chaque année, répartis par sexe et par collectivité. Le détachement est la position du fonctionnaire placé hors de son corps d'origine et continuant à bénéficier dans ce corps de ses droits à avancement et retraite. Le bilan social de la collectivité parisienne fournit, chaque année, les informations quantitatives mais aussi qualitatives sur les ressources humaines de la Ville de Paris. Il retrace l’évolution des principaux indicateurs relatifs à la politique des ressources humaines, qu’il s’agis"
domiciliation-des-agents-bilan-social,Bilan Social - Domiciliation des agents,Administration et Finances Publiques,"domiciliation,logement,ressources humaines,agents,Bilan social,DRH",Direction des Ressources Humaines - Ville de Paris,,,Open Database License (ODbL),2026-08-17,239061,"Ce jeu de données recense la localisation par zones (province, grande couronne, petite couronne, Paris), par département, par ville, par code postal, du domicile privé des agents permanents de la collectivité parisienne, répartis par direction, filières, catégorie hiérarchique, sexe, au 31 décembre de chaque année mesurée. Le bilan social de la collectivité parisienne fournit, chaque année, les informations quantitatives mais aussi qualitatives sur les ressources humaines de la Ville de Paris. Il retrace l’évolution des principaux indicateurs relatifs à la politique des ressources humaines, qu"
bilan-social-temps-de-travail-des-effectifs-titulaires-permanents,Bilan Social - Temps de travail des effectifs titulaires permanents,Administration et Finances Publiques,"travail,ressources humaines,Bilan social,effectif,titulaires,DRH",Direction des Ressources Humaines - Ville de Paris,,,Open Database License (ODbL),2026-08-17,108,"Ce jeu de données répartit les effectifs en activité de fonctionnaires au 31 décembre de chaque année par collectivité (commune, département, et pour 2018 seulement, ville de Paris), par modalité d’exercice du temps de travail (temps plein et temps partiel), par catégorie hiérarchique, par sexe, par année. Il est rappelé que les fonctionnaires parisiens ne sont recrutés que sur des emplois à temps complet. Le bilan socia l de la collectivité parisienne fournit, chaque année, les informations quantitatives mais aussi qualitatives sur les ressources humaines de la Ville de Paris. Il retrace l’év"
effectifs-titulaires-permanents,Bilan Social - Effectifs titulaires permanents,Administration et Finances Publiques,"effectif,agents,ressources humaines,Bilan social,DRH",Direction des Ressources Humaines - Ville de Paris,,,Open Database License (ODbL),2026-08-17,7821,"Ce jeu de données recense le nombre de femmes et d'hommes titulaires au 31 décembre de chaque année, répartis par corps, par grade et par spécialité. Le bilan social de la collectivité parisienne fournit, chaque année, les informations quantitatives mais aussi qualitatives sur les ressources humaines de la Ville de Paris. Il retrace l’évolution des principaux indicateurs relatifs à la politique des ressources humaines, qu’il s’agisse des effectifs, des rémunérations, de l’hygiène et de la sécurité, des carrières et de la formation ou encore des conditions de travail et des relations sociales."
effectifs-permanents-par-tranche-dage-bilan-social,Bilan Social - Effectifs permanents par tranche d'âge,Administration et Finances Publiques,"agents,effectif,age,ressources humaines,Bilan social,DRH",Direction des Ressources Humaines - Ville de Paris,,,Open Database License (ODbL),2026-08-17,489,"Ce jeu de données recense le nombre d'hommes et de femmes titulaires et contractuels à temps complet, répartis par tranche d'âge et collectivités, au 31 décembre de chaque année. Le bilan social de la collectivité parisienne fournit, chaque année, les informations quantitatives mais aussi qualitatives sur les ressources humaines de la Ville de Paris. Il retrace l’évolution des principaux indicateurs relatifs à la politique des ressources humaines, qu’il s’agisse des effectifs, des rémunérations, de l’hygiène et de la sécurité, des carrières et de la formation ou encore des conditions de travai"
recrutement-direct-bilan-social,Bilan Social - Recrutement direct,Administration et Finances Publiques,"agents,recrutement,ressources humaines,Bilan social,DRH",Direction des Ressources Humaines - Ville de Paris,,,Open Database License (ODbL),2026-08-17,178,"Ce jeu de données correspond au recrutement de fonctionnaires de la ville de Paris par la procédure du recrutement direct. Les informations sont réparties par collectivité, titre et grades de recrutement. Elles mentionnent par sexe le nombre d’inscrits, de présents et de reçus. Le bilan social de la collectivité parisienne fournit, chaque année, les informations quantitatives mais aussi qualitatives sur les ressources humaines de la Ville de Paris. Il retrace l’évolution des principaux indicateurs relatifs à la politique des ressources humaines, qu’il s’agisse des effectifs, des rémunérations,"
plan-de-voirie-mobiliers-urbains-jardinieres-bancs-corbeilles-de-rue,Plan de voirie - Mobiliers urbains - Jardinières - Bancs - Corbeilles de rue,Mobilité et Espace Public,"PVP,Bancs,Jardinières,Corbeilles de rue,DVD",Direction de la Voirie et des Déplacements - Ville de Paris,,,Open Database License (ODbL),2026-08-14,256051,"Mobiliers urbains regroupant - Jardinières - Bancs - Corbeilles de rue Le Plan de Voirie de Paris : Le Plan de Voirie de Paris (PVP) est destiné à l'instruction technique des projets sur la voie publique, conformément au règlement de voirie en vigueur. Chaque objet de l'espace public est représenté par un symbole référencé dans la charte graphique topographique. Le système de cordonnées planimétriques d’origine du PVP est le Lambert I-54 (Ville de Paris), re- projeté en RGF93.CC49 puis en RGF93 – Lambert 93 (WKID 2154) dans le système d’information de la Ville, puis dans le système de coordonn"
plan-de-voirie-mobiliers-urbains-abris-voyageurs-points-darrets-bus,Plan de voirie - Mobiliers urbains - Abris voyageurs - Points d'arrêts bus,Mobilité et Espace Public,"PVP,Mobilier urbain,Transports en commun,transport,bus ,DVD",Direction de la Voirie et des Déplacements - Ville de Paris,,,Open Database License (ODbL),2026-08-13,99961,"Abri voyageur - Poteau d'arrêt bus - Grilles de ventilation - Ventilation transport - Accès métro dans bâti - Voie ferrée - Rail isolé - Aiguillage de voie ferrée - Porte lac (caténaire) - Banc tramway - Reposoir tramway - Distributeur tramway - Abri tramway - Plaque VLS - Armoire balise aérienne - Armoire électrique tramway - Armoire de coupure de la lac - Distributeur de tickets - Armoire info plans tramway - Banc sans dossier - Reposoir - Abri abonnement auto Le Plan de Voirie de Paris : Le Plan de Voirie de Paris (PVP) est destiné à l'instruction technique des projets sur la voie publique,"
plan-de-voirie-details-de-batis0,Plan de voirie - Détails de bâtis,Mobilité et Espace Public,"PVP,front bâti,espace privé,espace public,DVD",Direction de la Voirie et des Déplacements - Ville de Paris,,,Open Database License (ODbL),2026-08-12,2135791,"Détails de bâtis Le Plan de Voirie de Paris : Le Plan de Voirie de Paris (PVP) est destiné à l'instruction technique des projets sur la voie publique, conformément au règlement de voirie en vigueur. Chaque objet de l'espace public est représenté par un symbole référencé dans la charte graphique topographique. Le système de cordonnées planimétriques d’origine du PVP est le Lambert I-54 (Ville de Paris), re- projeté en RGF93.CC49 puis en RGF93 – Lambert 93 (WKID 2154) dans le système d’information de la Ville, puis dans le système de coordonnées international WGS84 Web Mercator Auxiliary Sphere "
plan-de-voirie-murs,Plan de voirie - Murs,Mobilité et Espace Public,"PVP,mur,cloture,DVD",Direction de la Voirie et des Déplacements - Ville de Paris,,,Open Database License (ODbL),2026-08-12,675160,"Mur en dur - Mur en dur surplombé - Grille ou clôture - Grille ou clôture surplombée - Pilier de mur - Pilier de mur surplombé - Grillette parisienne ou clôture légère - Grillette parisienne ou clôture légère surplombée - Pied d'un soutènement - Pied d'un soutènement surplombé. Le Plan de Voirie de Paris : Le Plan de Voirie de Paris (PVP) est destiné à l'instruction technique des projets sur la voie publique, conformément au règlement de voirie en vigueur. Chaque objet de l'espace public est représenté par un symbole référencé dans la charte graphique topographique. Le système de cordonnées pl"
plan-de-voirie-mobiliers-urbains-bornes-barrieres-potelets,Plan de voirie - Mobiliers urbains - Bornes - Barrières - Potelets,Mobilité et Espace Public,"PVP,Mobilier urbain,DVD",Direction de la Voirie et des Déplacements - Ville de Paris,,,Open Database License (ODbL),2026-08-12,1646050,Potelet pour véhicule - Arceau pour véhicule - Muret pour véhicule - Borne de voirie - Anneau au sol - Borne de voirie escamotable - Bitte d'amarrage - Borne à vélos - Arceau pour deux roues - Epingle deux roues moto - Epingle deux roues vélo - Accroche velo - Arrêtoir a vélos - Bornette vélos en libre service - Bornette autos en libre service - Borne pour véhicule électrique - Bornette pour véhicule électrique. Barrière pivotante - Barrière piéton - Poteau de barrière piéton continue - Borne support de barrière - Barrière à borne - Garde-corps - Glissière de sécurité - Muret de sécurité -Sépa
plan-de-voirie-trottoirs,Plan de voirie - Trottoirs filaires,Mobilité et Espace Public,"PVP,trottoir,voirie,DVD",Direction de la Voirie et des Déplacements - Ville de Paris,,,Open Database License (ODbL),2026-08-11,768538,"Bordures de trottoirs, d'escaliers et pistes, bordurettes, socles de balise, quais. Le Plan de Voirie de Paris : Le Plan de Voirie de Paris (PVP) est destiné à l'instruction technique des projets sur la voie publique, conformément au règlement de voirie en vigueur. Chaque objet de l'espace public est représenté par un symbole référencé dans la charte graphique topographique. Le système de cordonnées planimétriques d’origine du PVP est le Lambert I-54 (Ville de Paris), re- projeté en RGF93.CC49 puis en RGF93 – Lambert 93 (WKID 2154) dans le système d’information de la Ville, puis dans le systèm"
plan-de-voirie-mobiliers-urbains-kiosques-toilettes-publiques-panneaux-publicita,Plan de voirie - Mobiliers urbains - Kiosques - Toilettes publiques - Panneaux publicitaires,Mobilité et Espace Public,"Mobilier urbain,concessions,PVP,DVD",Direction de la Voirie et des Déplacements - Ville de Paris,,,Open Database License (ODbL),2026-08-11,94456,"Concessions - Kiosque à journaux - Poteau d'affichage - Mobilier urbain d'information - Cabine téléphonique multimédia - Journaux lumineux - Sanisette - Pompe à essence - Colonne d'affichage - Mat porte affiches - Boite aux lettres - Armoire postale Le Plan de Voirie de Paris : Le Plan de Voirie de Paris (PVP) est destiné à l'instruction technique des projets sur la voie publique, conformément au règlement de voirie en vigueur. Chaque objet de l'espace public est représenté par un symbole référencé dans la charte graphique topographique. Le système de cordonnées planimétriques d’origine du PVP"
plan-de-voirie-points-de-nivellement-etiquettes,Plan de voirie - Points de nivellement - Etiquettes,Mobilité et Espace Public,"PVP,Altimétrie,Nivellement,DVD",Direction de la Voirie et des Déplacements - Ville de Paris,,,Open Database License (ODbL),2026-08-11,1660883,"Point d'altitude au sol - Pour faciliter la lecture du plan, plusieurs altitudes peuvent être associées à un point de nivellement (fil d'eau et nez de bordure de trottoir, par exemple) Jeu de données à exploiter avec celui du Plan de voirie - Points de nivellement - Repères Le Plan de Voirie de Paris : Le Plan de Voirie de Paris (PVP) est destiné à l'instruction technique des projets sur la voie publique, conformément au règlement de voirie en vigueur. Chaque objet de l'espace public est représenté par un symbole référencé dans la charte graphique topographique. Le système de cordonnées planim"
plan-de-voirie-points-de-nivellement-reperes,Plan de voirie - Points de nivellement - Repères,Mobilité et Espace Public,"PVP,Altimétrie,Nivellement,DVD",Direction de la Voirie et des Déplacements - Ville de Paris,,,Open Database License (ODbL),2026-08-11,1704514,"Point d'altitude au sol - Pour faciliter la lecture du plan, plusieurs altitudes peuvent être associées à un point de nivellement (fil d'eau et nez de bordure de trottoir, par exemple) Jeu de données à exploiter avec celui du Plan de voirie - Points de nivellement - Etiquettes Le Plan de Voirie de Paris : Le Plan de Voirie de Paris (PVP) est destiné à l'instruction technique des projets sur la voie publique, conformément au règlement de voirie en vigueur. Chaque objet de l'espace public est représenté par un symbole référencé dans la charte graphique topographique. Le système de cordonnées pla"
plan-de-voirie-rampes-de-viaducs,Plan de voirie - Rampes de viaducs,Mobilité et Espace Public,"PVP,voirie,circulation,DVD",Direction de la Voirie et des Déplacements - Ville de Paris,,,Open Database License (ODbL),2026-08-10,45,"Rampe type viaduc : Une R.T.V relie deux sous-ensembles de voirie (S.E.V) chaussée d’un niveau zéro vers un niveau supérieur (surplombant). Le Plan de Voirie de Paris : Le Plan de Voirie de Paris (PVP) est destiné à l'instruction technique des projets sur la voie publique, conformément au règlement de voirie en vigueur. Chaque objet de l'espace public est représenté par un symbole référencé dans la charte graphique topographique. Le système de cordonnées planimétriques d’origine du PVP est le Lambert I-54 (Ville de Paris), re- projeté en RGF93.CC49 puis en RGF93 – Lambert 93 (WKID 2154) dans l"
plan-de-voirie-emplacements-plaques-adresses,Plan de voirie - Emplacements plaques adresses,Mobilité et Espace Public,"PVP,adresse,DVD",Direction de la Voirie et des Déplacements - Ville de Paris,,,Open Database License (ODbL),2026-08-10,84056,"Emplacements plaques adresses Le Plan de Voirie de Paris : Le Plan de Voirie de Paris (PVP) est destiné à l'instruction technique des projets sur la voie publique, conformément au règlement de voirie en vigueur. Chaque objet de l'espace public est représenté par un symbole référencé dans la charte graphique topographique. Le système de cordonnées planimétriques d’origine du PVP est le Lambert I-54 (Ville de Paris), re- projeté en RGF93.CC49 puis en RGF93 – Lambert 93 (WKID 2154) dans le système d’information de la Ville, puis dans le système de coordonnées international WGS84 Web Mercator Auxi"
plan-de-voirie-paves-mosaiques-du-plan-de-voirie-de-paris,Plan de voirie - Pavés mosaïques du Plan de voirie de Paris,Mobilité et Espace Public,"PVP,DPV,DVD",Direction de la Voirie et des Déplacements - Ville de Paris,,,Open Database License (ODbL),2026-08-10,372,"Le plan de voirie numérique de surface de Paris est constitué de plans élémentaires jointifs dénommés "" pavés mosaïques "". Chaque pavé mosaïque est un fichier graphique informatique topographique au 1/ 200ème, ils sont ici assemblés. Le Plan de Voirie de Paris : Le Plan de Voirie de Paris (PVP) est destiné à l'instruction technique des projets sur la voie publique, conformément au règlement de voirie en vigueur. Chaque objet de l'espace public est représenté par un symbole référencé dans la charte graphique topographique. Le système de cordonnées planimétriques d’origine du PVP est le Lambert "
plan-de-voirie-voies-deau,Plan de voirie - Voies d'eau,Mobilité et Espace Public,"PVP,Seine,Canaux,DVD",Direction de la Voirie et des Déplacements - Ville de Paris,,,Open Database License (ODbL),2026-08-10,60,"Emprises des voies d'eau - bief - écluse - bassin - embranchement - espace de service. Le Plan de Voirie de Paris : Le Plan de Voirie de Paris (PVP) est destiné à l'instruction technique des projets sur la voie publique, conformément au règlement de voirie en vigueur. Chaque objet de l'espace public est représenté par un symbole référencé dans la charte graphique topographique. Le système de cordonnées planimétriques d’origine du PVP est le Lambert I-54 (Ville de Paris), re- projeté en RGF93.CC49 puis en RGF93 – Lambert 93 (WKID 2154) dans le système d’information de la Ville, puis dans le sys"
plan-de-voirie-emprises-espaces-verts,Plan de voirie - Emprises espaces verts,Mobilité et Espace Public,"PVP,espaces verts,DEVE,DVD",Direction de la Voirie et des Déplacements - Ville de Paris,,,Open Database License (ODbL),2026-08-10,989,"Emprise espace vert - Domaine public assimilé parcelle Domaine géré par la Direction des espaces verts et de 'environnement, espace vert clos et généralement dénommé. Le Plan de Voirie de Paris : Le Plan de Voirie de Paris (PVP) est destiné à l'instruction technique des projets sur la voie publique, conformément au règlement de voirie en vigueur. Chaque objet de l'espace public est représenté par un symbole référencé dans la charte graphique topographique. Le système de cordonnées planimétriques d’origine du PVP est le Lambert I-54 (Ville de Paris), re- projeté en RGF93.CC49 puis en RGF93 – La"
plan-de-voirie-aires-mixtes-vehicules-et-pietons,Plan de voirie - Aires mixtes véhicules et piétons,Mobilité et Espace Public,"PVP,Voirie,piéton,DVD",Direction de la Voirie et des Déplacements - Ville de Paris,,,Open Database License (ODbL),2026-08-10,851,"Aire mixte véhicule-piéton - Surface accessible aux véhicules et aux piétons. Il n’y a pas de dénivellation entre la partie trottoir et la partie chaussée. En complément, se reporter aux données suivantes sur Paris data: - ""Aires piétonnes et assimilées"" (voies où seuls les véhicules nécessaires à la desserte interne de la zone sont autorisés à circuler à l'allure du pas, et les piétons sont prioritaires sur ceux-ci) - ""Zones de rencontre"" (vitesse limitée à 20 km/h, avec priorité aux piétons). Le Plan de Voirie de Paris : Le Plan de Voirie de Paris (PVP) est destiné à l'instruction technique "
plan-de-voirie-emprises-ilots-prives,Plan de voirie - Emprises îlots privés,Mobilité et Espace Public,"PVP,espace public,espace privé,front bâti,DVD",Direction de la Voirie et des Déplacements - Ville de Paris,,,Open Database License (ODbL),2026-08-10,5497,"Emprises ilôts privés - Complément espace de voirie Le complément d'espace de voirie correspond à la notion d'îlot privé au sens de l'urbanisme. Cependant, pour construire les compléments d'espace de voirie, seules les limites matérialisées sont prises en compte : ces espaces ne sont pas à confondre avec les îlots privés au sens du cadastre (bien que relativement proche graphiquement). Il peut y avoir des surplombs entre les surfaces de complément d'espace de voirie, les surfaces du D.P.A.P et la surface d'espace de voirie. Le Plan de Voirie de Paris : Le Plan de Voirie de Paris (PVP) est dest"
plan-de-voirie-terre-pleins,Plan de voirie - Terre-pleins,Mobilité et Espace Public,"PVP,voirie,piéton,DVD",Direction de la Voirie et des Déplacements - Ville de Paris,,,Open Database License (ODbL),2026-08-10,1807,"Un terre-plein est une surface de trottoir entourée de chaussée. C'est un sous espaces de voirie (S.E.V) sur lequel le piéton peut circuler et qui se situe en général dans un Espace de Voirie (E.V) section courante. A la différence des trottoirs, le terre-plein ne borde pas un complément d’espace de voirie. Ce SEV ne se superpose pas aux SEV de type chaussée. Cette région respecte les mêmes règles de découpage que les SEV chaussée et trottoir Le Plan de Voirie de Paris : Le Plan de Voirie de Paris (PVP) est destiné à l'instruction technique des projets sur la voie publique, conformément au règ"
plan-de-voirie-repere-de-nivellement,Plan de voirie - Repère de nivellement,Mobilité et Espace Public,"PVP,Altimétrie,NGF,DVD",Direction de la Voirie et des Déplacements - Ville de Paris,,MONTHLY,Open Database License (ODbL),2026-08-10,9811,"Repère de nivellement - Station de polygonale - Point de canevas topographique - Altimétrie du repère de nivellement - Système orthométrique (mm) et altitude au sol en (cm). Le Plan de Voirie de Paris : Le Plan de Voirie de Paris (PVP) est destiné à l'instruction technique des projets sur la voie publique, conformément au règlement de voirie en vigueur. Chaque objet de l'espace public est représenté par un symbole référencé dans la charte graphique topographique. Le système de cordonnées planimétriques d’origine du PVP est le Lambert I-54 (Ville de Paris), re- projeté en RGF93.CC49 puis en RGF"
plan-de-voirie-portes-cocheres,Plan de voirie - Portes cochères,Mobilité et Espace Public,"PVP,PPC,trottoir,bâtiment,DVD",Direction de la Voirie et des Déplacements - Ville de Paris,,,Open Database License (ODbL),2026-08-10,33914,"Passage de Porte Cochère - Représentation de la surface occupée sur le trottoir par le passage de porte cochère. Tous les P.P.C matérialisés sur le trottoir sont à créer, y compris ceux qui ne donnent pas lieu à un accès véhicule. Un P.P.C peut être localisé devant une voie privée ou sur un terre-plein. Il peut également être interrompu par une piste. Les surfaces de trottoir étant délimitées de manière arbitraire par les limites de sous-espaces de voirie, un P.P.C. peut très bien être localisé sur deux surfaces de trottoir (et donc deux espaces de voirie). Le P.P.C. est relié à la parcelle qu"
plan-de-voirie-passages-pietons,Plan de voirie - Passages piétons,Mobilité et Espace Public,"PVP,piéton,voirie,circulation,Carrefour,DVD",Direction de la Voirie et des Déplacements - Ville de Paris,,,Open Database License (ODbL),2026-08-10,22123,"Aires mixtes - Chaussées trottoirs et passages piétons Surface accessible aux véhicules et aux piétons. Il n’y a pas de dénivellation entre la partie trottoir et la partie chaussée. Le Plan de Voirie de Paris : Le Plan de Voirie de Paris (PVP) est destiné à l'instruction technique des projets sur la voie publique, conformément au règlement de voirie en vigueur. Chaque objet de l'espace public est représenté par un symbole référencé dans la charte graphique topographique. Le système de cordonnées planimétriques d’origine du PVP est le Lambert I-54 (Ville de Paris), re- projeté en RGF93.CC49 pui"
plan-de-voirie-emprises-ferroviaires,Plan de voirie - Emprises Ferroviaires,Mobilité et Espace Public,"PVP,transport,RATP,SNCF,Gares,DVD",Direction de la Voirie et des Déplacements - Ville de Paris,,,Open Database License (ODbL),2026-08-10,341,"Emprises ferroviaires - Essentiellement les emprises de la R.A.T.P. et de la S.N.C.F. à l’air libre. Les cours des gares sont considérées comme des voies privées ouvertes à la circulation publique (la Direction de la voirie et des Déplacements y installe les équipements de signalisation). Le Plan de Voirie de Paris : Le Plan de Voirie de Paris (PVP) est destiné à l'instruction technique des projets sur la voie publique, conformément au règlement de voirie en vigueur. Chaque objet de l'espace public est représenté par un symbole référencé dans la charte graphique topographique. Le système de co"
plan-de-voirie-pistes-cyclables-et-couloirs-de-bus,Plan de voirie - Pistes cyclables et couloirs de bus,Mobilité et Espace Public,"PVP,Stationnement,vélo,bus ,piste cyclable,voirie,circulation,DVD",Direction de la Voirie et des Déplacements - Ville de Paris,,,Open Database License (ODbL),2026-08-10,22455,"Pistes cyclables - Aires de stationnement - Couloir bus - Couloir Bus-Vélo Le Plan de Voirie de Paris : Le Plan de Voirie de Paris (PVP) est destiné à l'instruction technique des projets sur la voie publique, conformément au règlement de voirie en vigueur. Chaque objet de l'espace public est représenté par un symbole référencé dans la charte graphique topographique. Le système de cordonnées planimétriques d’origine du PVP est le Lambert I-54 (Ville de Paris), re- projeté en RGF93.CC49 puis en RGF93 – Lambert 93 (WKID 2154) dans le système d’information de la Ville, puis dans le système de coor"
plan-de-voirie-voies-privees-fermees,Plan de voirie - Voies privées fermées,Mobilité et Espace Public,"PVP,voirie,circulation,DVD",Direction de la Voirie et des Déplacements - Ville de Paris,,,Open Database License (ODbL),2026-08-10,790,"La voie privée fermée est un objet qui se superpose à une région « complément d’espace de voirie ». Les voies privées fermées à la circulation publique sont incluses dans les C.E.V. Elles ne sont normalement pas relevées par la Division Plan de Voirie. Les intersections avec les voies publiques ordinaires ne sont pas traitées. Sur le P.V.P, le symbole "" VPF "" placé à droite d’une dénomination indique une voie privée fermée. Une voie privée fermée ne correspond pas toujours à un nombre exact de parcelles. Il arrive parfois qu’une voie privée occupe un morceau de chacune des parcelles qui l’ento"
plan-de-voirie-acces-pietons-metro-et-parkings,Plan de voirie - Accès piétons Métro et Parkings,Mobilité et Espace Public,"PVP,Métro,parking,voirie,circulation,DVD",Direction de la Voirie et des Déplacements - Ville de Paris,,,Open Database License (ODbL),2026-08-10,1149,"Accès Métro et Parking Il s’agit de représenter l’emprise de l’escalier. Les murs et murets associés sont compris dans cette surface. Il s’agit de la localisation des entrées et sorties des stations de métro ou de parking et non pas des stations de métro ou de parking. Le Plan de Voirie de Paris : Le Plan de Voirie de Paris (PVP) est destiné à l'instruction technique des projets sur la voie publique, conformément au règlement de voirie en vigueur. Chaque objet de l'espace public est représenté par un symbole référencé dans la charte graphique topographique. Le système de cordonnées planimétriq"
plan-de-voirie-separateurs-franchisssement-stationnement,Plan de voirie - Séparateurs - franchissement - Stationnement,Mobilité et Espace Public,"PVP,circulation,voirie,DVD",Direction de la Voirie et des Déplacements - Ville de Paris,,,Open Database License (ODbL),2026-08-10,13344,"Séparateurs infranchissables de circulation - Chasses-roues - Séparateurs de stationnement Le Plan de Voirie de Paris : Le Plan de Voirie de Paris (PVP) est destiné à l'instruction technique des projets sur la voie publique, conformément au règlement de voirie en vigueur. Chaque objet de l'espace public est représenté par un symbole référencé dans la charte graphique topographique. Le système de cordonnées planimétriques d’origine du PVP est le Lambert I-54 (Ville de Paris), re- projeté en RGF93.CC49 puis en RGF93 – Lambert 93 (WKID 2154) dans le système d’information de la Ville, puis dans le"
plan-de-voirie-chaussees,Plan de voirie - Chaussées,Mobilité et Espace Public,"PVP,voirie,circulation,DVD",Direction de la Voirie et des Déplacements - Ville de Paris,,,Open Database License (ODbL),2026-08-10,20938,"Chaussée - La région « chaussée » est un sous espace de voirie (SEV). Chaque surface de chaussée déterminée doit être contenue dans un espace de voirie section courante ou intersection. Elle correspond à l’emplacement de la chaussée. Surface de l'espace de voirie affectée en priorité à la circulation des véhicules. Le Plan de Voirie de Paris : Le Plan de Voirie de Paris (PVP) est destiné à l'instruction technique des projets sur la voie publique, conformément au règlement de voirie en vigueur. Chaque objet de l'espace public est représenté par un symbole référencé dans la charte graphique topo"
plan-de-voirie-trottoirs-emprises,Plan de voirie - Trottoirs - emprises,Mobilité et Espace Public,"PVP,voirie,piétons,trottoir,DVD",Direction de la Voirie et des Déplacements - Ville de Paris,,,Open Database License (ODbL),2026-08-10,50289,"Emprise trottoir. Surface de l'espace de voirie réservée en priorité aux piétons. Le Plan de Voirie de Paris : Le Plan de Voirie de Paris (PVP) est destiné à l'instruction technique des projets sur la voie publique, conformément au règlement de voirie en vigueur. Chaque objet de l'espace public est représenté par un symbole référencé dans la charte graphique topographique. Le système de cordonnées planimétriques d’origine du PVP est le Lambert I-54 (Ville de Paris), re- projeté en RGF93.CC49 puis en RGF93 – Lambert 93 (WKID 2154) dans le système d’information de la Ville, puis dans le système "
plan-de-voirie-ilots-directionnels,Plan de voirie - Ilots directionnels,Mobilité et Espace Public,"PVP,voirie,Carrefour,circulation,DVD",Direction de la Voirie et des Déplacements - Ville de Paris,,,Open Database License (ODbL),2026-08-10,2102,"Le sous-ensemble de voirie (SEV) « îlot directionnel » se superpose à un SEV « chaussée ». L’îlot directionnel est un aménagement qui se situe en général dans une intersection pour diriger le flux des véhicules et protéger les piétons. L’îlot directionnel n’est cependant pas forcément accessible aux piétons. Le Plan de Voirie de Paris : Le Plan de Voirie de Paris (PVP) est destiné à l'instruction technique des projets sur la voie publique, conformément au règlement de voirie en vigueur. Chaque objet de l'espace public est représenté par un symbole référencé dans la charte graphique topographiq"
plan-de-voirie-rampes-de-souterrains,Plan de voirie - Rampes de souterrains,Mobilité et Espace Public,"PVP,voirie,circulation,DVD",Direction de la Voirie et des Déplacements - Ville de Paris,,,Open Database License (ODbL),2026-08-10,77,"Rampe type souterrain - Une R.T.S relie deux Sous-ensemble de voirie (S.E.V) chaussée d’un niveau zéro vers un niveau inférieur (surplombé). Les bretelles d’accès des voies rapides sont considérées comme des R.T.S si la pente de la bretelle est supérieur à 4%. Une R.T.S peut donc relier deux S.E.V chaussée appartenant à des espace de voirie (E.V) de niveau zéro. Le Plan de Voirie de Paris : Le Plan de Voirie de Paris (PVP) est destiné à l'instruction technique des projets sur la voie publique, conformément au règlement de voirie en vigueur. Chaque objet de l'espace public est représenté par un"
subventions-associations-votees-,Subventions aux associations votées,Administration et Finances Publiques,"subventions,associations,DDCT","Direction de la Démocratie, des Citoyen.ne.s et des Territoires - Ville de Paris",,,Open Database License (ODbL),2026-07-28,107693,"Liste des subventions aux associations votées par la Ville de Paris depuis 2013 (et par le Département de Paris de 2013 à 2018, date de sa fusion avec la Ville de Paris). Sont considérées comme bénéficiaires de subvention les associations relevant de la loi du 1er juillet 1901 ayant déposé par exercice budgétaire une ou plusieurs demandes de subvention auprès de la Ville de Paris (et du Département de Paris de 2013 à 2018, date de sa fusion avec la Ville de Paris). Ne figurent pas dans la liste: les subventions à des organismes non associatifs (fondations, établissements publics, SCOP, SCIC, s"
dpmp-verbalisations,Verbalisations,Mobilité et Espace Public,"verbalisation,police municipale,incivilités,protection routière",Direction de la Police Municipale et de la Prévention - Ville de Paris,,,Open Database License (ODbL),2026-07-21,89122,"La Direction de la police municipale et de la prévention est chargée de lutter contre toutes formes d’incivilités sur l’espace public et d’assurer la protection routière des usagers. Les agents de la police municipale veillent au respect des règles de civisme sur l’espace public pour un cadre de vie agréable et pacifié, verbalisant les contrevenants. Ils contribuent également au respect des règles de partage de l’espace public en matière de circulation et de stationnement en relevant les infractions. Ces données de verbalisation sont communiquées sous réserve des procédures en cours devant l'a"
traces_cheminement_vers_les_sites_de_baignade_en_seine,Tracés de cheminement vers les sites de Baignade en Seine,"Equipements, Services, Social","Baignade,accessibilité,transports",Direction de la Jeunesse et des Sports,,,Licence Ouverte (Etalab),2026-07-10,3,"Mise en accessibilité des abords des sites de Baignade en Seine La Ville de Paris garantit un accès des sites de baignade en Seine (Bras-Marie, Bercy et Grenelle) aux personnes en situation de handicap. Un chemin d’accès le plus accessible possible est mis en œuvre depuis les transports en commun jusqu’à chaque site de baignade en Seine. Dès cette année, des travaux ont été entrepris pour améliorer l’accessibilité de ces cheminements, en concertation avec les associations. Ces données représentent les tracés de ces parcours pour se rendre plus facilement jusqu'à chaque site de baignade. Plus d"
agec_declaration_article_58,Déclaration relative à l'article 58 de la loi AGEC,Administration et Finances Publiques,"AGEC,déclaration,article 58",Direction des Finances et des Achats - Ville de Paris,,ANNUAL,Licence Ouverte (Etalab),2026-07-08,27,La loi n° 2020-105 du 10 février 2020 relative à la lutte contre le gaspillage et à l’économie circulaire (AGEC) prescrit une déclaration sur les achats de produits issus du réemploi et de réutilisation ainsi que de matières recyclées. L’article 58 de cette loi impose de déclarer la part des montants des achats effectués par la ville de Paris notamment sur les produits visés par la liste du décret 2024-134 du 21 février 2024 relatif à l’obligation d’acquisition par la commande publique de biens issus du réemploi ou de la réutilisation ou intégrant des matières recyclées. Ces données correspond
adresses-ban,Adresses (format BAN),Urbanisme et Logements,"numéro,coordonnées,adresse,voie ,localisation,DU,BAN",Direction de l'Urbanisme - Ville de Paris,,,Open Database License (ODbL),2026-07-06,152628,Données au format BAL (Base Adresse Locale) pour la BAN (Base Adresse Nationale). En pièce jointe figure la charte de la base adresse locale. L'adresse est constituée d’un numéro de voirie et du nom d’une rue dans une commune. Elle permet ainsi de localiser géographiquement un lieu. Etendue géographique : Paris Fichier joint : 2023 Charte de la Base Adresse Locale - commune.pdf
observatoire-des-mobilites-evenements-exceptionnels-indicateurs-de-mobilites,Observatoire Parisien des Mobilités - Evénements exceptionnels - indicateurs de mobilités,Mobilité et Espace Public,"mobilité,DVD",Direction de la Voirie et des Déplacements - Ville de Paris,,,Open Database License (ODbL),2026-07-06,147,Jeu de données calendaire listant les évènements exceptionnels contextualisant les indicateurs de mobilités contenu dans l'observatoire des mobilités Accès au jeu de données Observatoire des mobilités - Baromètre trimestriel des déplacements Accès au tableau de bord de l'observatoire des mobilités trimestriel
observatoire-parisien-des-mobilites-barometre-trimestriel-des-deplacements,Observatoire Parisien des Mobilités - Baromètre trimestriel des déplacements,Mobilité et Espace Public,"DVD,mobilité,déplacement,Tableau de bord,vélo",Direction de la Voirie et des Déplacements - Ville de Paris,,,Open Database License (ODbL),2026-07-06,61,Jeu de données regroupant une partie des indicateurs du bulletin trimestriel des déplacements publié par l'Observatoire des déplacements de la Ville de Paris depuis 1990. Certaines données accessibles ici remontent à 2011.L'indice vélos est remplacé par un nombre moyen journalier depuis le troisième trimestre 2022. Les indicateurs sont illustrés et l e dernier bilan est téléchargeable sur la page Bilan des déplacements à Paris.
plub_pvp,PLU bioclimatique - Protections patrimoniales - Motivations des protections,Urbanisme et Logements,"PLU,DU",Direction de l'Urbanisme - Ville de Paris,,,Open Database License (ODbL),2026-07-02,5729,"Plan Local d'Urbanisme Bioclimatique de Paris - Protections patrimoniales - Motivations des protections Version du PLU votée par le Conseil de Paris le 16 juin 2026. Documentation complète : cf. ""Protection patrimoniale – Motivation des protections - Table.pdf"" en pièce jointe. Données disponibles pour information et sans valeur réglementaire. Pour accéder au PLU officiel, consulter le Portail des Règles d'Urbanisme de Paris. Pour accéder aux autres données du PLU disponibles sur l'Opendata, consulter cette page . Les documents et données du PLU sont également téléchargeables sur le Géoportail"
plub_plocequi,PLU bioclimatique - Périmètres de localisation d'équipement,Urbanisme et Logements,"PLU,DU",Direction de l'Urbanisme - Ville de Paris,,,Open Database License (ODbL),2026-07-02,388,"Plan Local d'Urbanisme Bioclimatique de Paris - Périmètres de localisation d'équipement Version du PLU mise en compatibilité le 16 juin 2026. Documentation complète : cf. ""Périmètre de localisation d équipement.pdf"" en pièce jointe. Données disponibles pour information et sans valeur réglementaire. Pour accéder au PLU officiel, consulter le Portail des Règles d'Urbanisme de Paris. Pour accéder aux autres données du PLU disponibles sur l'Opendata, consulter cette page . Les documents et données du PLU sont également téléchargeables sur le Géoportail National de l'Urbanisme ."
plub_hmc,PLU bioclimatique - Hauteur maximale constructible,Urbanisme et Logements,"PLU,DU",Direction de l'Urbanisme - Ville de Paris,,,Open Database License (ODbL),2026-07-02,47,"Plan Local d'Urbanisme Bioclimatique de Paris - Hauteur maximale constructible Version du PLU votée par le Conseil de Paris le 16 juin 2026. Documentation complète : cf. ""Hauteur maximale constructible.pdf"" en pièce jointe. Données disponibles pour information et sans valeur réglementaire. Pour accéder au PLU officiel, consulter le Portail des Règles d'Urbanisme de Paris. Pour accéder aux autres données du PLU disponibles sur l'Opendata, consulter cette page . Les documents et données du PLU sont également téléchargeables sur le Géoportail National de l'Urbanisme ."
plub_surf_pvp,PLU bioclimatique - Protections patrimoniales - Bâtiments protégés,Urbanisme et Logements,"PLU,DU",Direction de l'Urbanisme - Ville de Paris,,,Open Database License (ODbL),2026-07-02,7589,"Plan Local d'Urbanisme Bioclimatique de Paris - Protections patrimoniales - Bâtiments protégés Version du PLU votée par le Conseil de Paris le 16 juin 2026. Documentation complète : cf. ""Protection patrimoniale - Bâtiment protégé.pdf"" en pièce jointe. Données disponibles pour information et sans valeur réglementaire. Pour accéder au PLU officiel, consulter le Portail des Règles d'Urbanisme de Paris. Pour accéder aux autres données du PLU disponibles sur l'Opendata, consulter cette page . Les documents et données du PLU sont également téléchargeables sur le Géoportail National de l'Urbanisme ."
plub_eal,PLU bioclimatique - Espaces à libérer,Urbanisme et Logements,"PLU,DU",Direction de l'Urbanisme - Ville de Paris,,,Open Database License (ODbL),2026-07-02,180,"Plan Local d'Urbanisme Bioclimatique de Paris - Espaces à libérer Version du PLU votée par le Conseil de Paris le 16 juin 2026. Documentation complète : cf. ""Espace à libérer.pdf"" en pièce jointe. Données disponibles pour information et sans valeur réglementaire. Pour accéder au PLU officiel, consulter le Portail des Règles d'Urbanisme de Paris. Pour accéder aux autres données du PLU disponibles sur l'Opendata, consulter cette page . Les documents et données du PLU sont également téléchargeables sur le Géoportail National de l'Urbanisme ."
plub_pvp_geos,PLU bioclimatique - Protections patrimoniales - Protections à pour géométrie surfacique,Urbanisme et Logements,"PLU,DU",Direction de l'Urbanisme - Ville de Paris,,,Open Database License (ODbL),2026-07-02,7804,"Plan Local d'Urbanisme Bioclimatique de Paris - Protections patrimoniales - Protections à pour géométrie surfacique Version du PLU votée par le Conseil de Paris le 16 juin 2026. Documentation complète : cf. ""Protection patrimoniale – Protection à pour géométrie surfacique - Table.pdf"" en pièce jointe. Données disponibles pour information et sans valeur réglementaire. Pour accéder au PLU officiel, consulter le Portail des Règles d'Urbanisme de Paris. Pour accéder aux autres données du PLU disponibles sur l'Opendata, consulter cette page . Les documents et données du PLU sont également télécharg"
plub_res_logt,PLU bioclimatique - Emplacements réservés pour logements,Urbanisme et Logements,"PLU,DU",Direction de l'Urbanisme - Ville de Paris,,,Open Database License (ODbL),2026-07-02,819,"Plan Local d'Urbanisme Bioclimatique de Paris - Emplacements réservés pour logements Version du PLU mise en compatibilité le 16 juin 2026. Documentation complète : cf. ""Emplacement réservé pour logements.pdf"" en pièce jointe. Données disponibles pour information et sans valeur réglementaire. Pour accéder au PLU officiel, consulter le Portail des Règles d'Urbanisme de Paris. Pour accéder aux autres données du PLU disponibles sur l'Opendata, consulter cette page . Les documents et données du PLU sont également téléchargeables sur le Géoportail National de l'Urbanisme ."
plub_res_equi,PLU bioclimatique - Emplacements réservés pour équipement,Urbanisme et Logements,"PLU,DU",Direction de l'Urbanisme - Ville de Paris,,,Open Database License (ODbL),2026-07-02,44,"Plan Local d'Urbanisme Bioclimatique de Paris - Emplacements réservés pour équipement Version du PLU votée par le Conseil de Paris le 16 juin 2026. Documentation complète : cf. ""Emplacement réservé pour équipement.pdf"" en pièce jointe. Données disponibles pour information et sans valeur réglementaire. Pour accéder au PLU officiel, consulter le Portail des Règles d'Urbanisme de Paris. Pour accéder aux autres données du PLU disponibles sur l'Opendata, consulter cette page . Les documents et données du PLU sont également téléchargeables sur le Géoportail National de l'Urbanisme ."
dette-garantie,Dette garantie,Administration et Finances Publiques,"budget,dette,DFA",Direction des Finances et des Achats - Ville de Paris,,,Open Database License (ODbL),2026-07-01,147071,"Le dataset ""Dette garantie de la Ville de Paris "" présente la décomposition de la dette garantie par la collectivité parisienne. La dette garantie par la collectivité parisienne comprend principalement des emprunts souscrits par les bénéficiaires de garantie pour des opérations de logement social. Les autres garanties concernent essentiellement des opérations d'aménagement et des garanties au profit d'associations."" Nom de la colonne Description Année de Publication Année du Compte Administratif pour lequel les données ont été publiées Collectivité En comptabilité, le terme ""nature"" désigne le"
participation-citoyenne-consultations-numeriques-2025,Participation citoyenne - Consultations numériques 2025,Citoyenneté,"démocratie participative,consultation,concertation","DDCT - Direction de la Démocratie, des Citoyen.ne.s et des Territoires",,,Licence Ouverte (Etalab),2026-06-16,0,"Budget Participatif, consultations, conférences citoyennes sur les projets stratégiques de la municipalité, instances de participation citoyenne… À Paris, les habitantes et habitants peuvent prendre part à de nombreuses initiatives pour co-construire la politique publique. Vous trouverez ici les exports des contributions aux consultations publiques réalisées en 2025 sur la plateforme décider.paris : Paris Data : Paris accessible ? - Questionnaire - 30 janvier au 31 mai 2025 Quelle(s) place(s) pour les animaux à Paris ? - Questionnaire - 4 février au 4 avril 2025 Paris : ville active et sportiv"
registre-des-autorisations-de-changement-dusage-pour-les-meubles,Registre des autorisations de changement d'usage pour les meublés touristiques,Urbanisme et Logements,"logement,meublés,touriste,DLH",Direction du Logement et de l'Habitat - Ville de Paris,,ANNUAL,Open Database License (ODbL),2026-06-05,265,Les autorisations recensées dans cette liste concernent les locations de meublés touristiques d'une durée supérieure à 4 mois par an pour les résidences principales et pour toute location en dehors de la résidence principale. NB: des locations de meublés touristiques peuvent aussi être réalisées légalement sur des locaux non référencés dans cette liste comme meublés (par ex dans un local à usage commercial)
lieux-municipaux,Lieux municipaux,"Equipements, Services, Social","lieux,équipement,Ville de Paris",Direction de la Communication - Ville de Paris,,,Open Database License (ODbL),2026-05-27,3694,"Ce jeu de données recense les lieux municipaux référencés dans une application dédiée de la Ville de Paris qui permet de créer des fiches sur paris.fr. Sur ces fiches vous pouvez retrouver plus de détails (horaires, tarifs, labels…) Chaque lieu est catégorisé en fonction de son type (parcs, piscines, bibliothèque)."
statistiques_de_creation_d_actes_d_etat_civil_par_mois,Statistiques de création d'actes d'état-civil par mois,Citoyenneté,"Naissance,mariage,décès,reconnaissance,DDCT,PACS,état-civil","Direction de la Démocratie, des Citoyen.ne.s et des Territoires - Ville de Paris",,,Open Database License (ODbL),2026-05-20,1301,"Comptabilité des d'actes d'état-civil correspondant aux naissances, reconnaissances, mariages, PACS et décès par mois depuis 2004. Les statistiques des PACS enregistrés à Paris ont été ajoutés à partir du 1er novembre 2017 (depuis la date du transfert de compétence de PACS aux communes). Ce jeu de données a été publié en parallèle au jeu de données Statistiques de création d'actes d'état-civil par arrondissement"
statistiques_de_creation_d_actes_d_etat_civil_par_arrondissement,Statistiques de création d'actes d'état-civil par arrondissement,Citoyenneté,"Naissance,mariage,décès,reconnaissance,DDCT,PACS,état-civil","Direction de la Démocratie, des Citoyen.ne.s et des Territoires - Ville de Paris",,,Open Database License (ODbL),2026-05-20,2197,"Comptabilité des d'actes d'état-civil correspondant aux naissances, reconnaissances, mariages PACS et décès par arrondissement depuis 2004. Les statistiques des PACS enregistrés à Paris ont été ajoutés à partir du 1er novembre 2017 (depuis la date du transfert de compétence de PACS aux communes). Ce jeu de données est publié en parallèle du jeu de données Statistiques de création d'actes d'état-civil par mois"
inventaire-des-emissions-de-gaz-a-effet-de-serre-du-territoire,Inventaire des émissions de Gaz à Effet de Serre (GES) du territoire Parisien,Environnement,"GES,Carbone,Climat,bilan comptable,OBS-TES,DTEC",Direction de la Transition Écologique et du Climat - Ville de Paris,LocalAuthority,TRIENNIAL,Open Database License (ODbL),2026-05-19,8,"Jeu de données inventoriant annuellement les émissions de Gaz à Effet de Serre par secteurs d'activités. Les exercices d'inventaires des émissions de Gaz à Effet de Serre (GES) permettent d’identifier la contribution de chaque secteur d’activité, les émissions générées par nos modes de vie et l’influence des politiques locales, nationales ou européennes. L'inventaire des émissions de Gaz à Effet de Serre (GES) du territoire parisien est suivi depuis l'année de référence 2004. Depuis, dans le cadre du Plan Climat, la Ville de Paris suit l’impact carbone de son action (2009, 2014, 2018, 2019, 20"
energies-energie-totale-consommee-a-paris,Energies - Energie totale consommée à Paris,Environnement,"Energies,Electricité,Gaz,Fioul,Biomasse,Réseau de chaleur,plan climat,Climat,OBS-TES,DTEC",Direction de la Transition Écologique et du Climat - Ville de Paris,LocalAuthority,ANNUAL,Open Database License (ODbL),2026-04-30,10,"Indicateur reposant sur le bilan énergétique du territoire réalisé chaque année. Il prend en compte la consommation d des différents secteurs (résidentiel, tertiaire, etc.) et des différents vecteurs (électricité, gaz, etc.). Les données énergétiques sont issues du Service des données et études statistiques (SDES) pour l’électricité et le gaz naturel et des Rapports annuels pour le réseau de chaleur et de froid, ainsi que des données indirectes pour le fioul et la biomasse."
fiches-essences-du-guide-des-essences-de-paris,Fiches Essences du Guide des Essences de Paris,Environnement,"DEVE,Essences,Arbres",,,,Open Database License (ODbL),2026-04-27,200,"Souhaitez-vous en savoir davantage sur certaines essences d’arbres actuellement plantées à Paris, ou d’avenir pour Paris ? Êtes-vous prêt à chercher quelles essences sont adaptées à votre projet de plantation ? Ces fiches essences ont pour objectif de faciliter le choix et la diversification des essences pouvant être envisagées pour chaque projet de plantation d’arbres en fonction de différents critères."
indicateur-dlh-renovation,Rénovation des logements,,,Direction du Logement et de l'Habitat - Ville de Paris,,ANNUAL,Open Database License (ODbL),2026-04-17,339,"La Ville de Paris accompagne depuis 2014 la rénovation globale de copropriétés parisiennes à travers plusieurs dispositifs dont le programme Eco renovons Paris pour la massification de la rénovation sur l’ensemble du territoire parisien. Éco-rénovons Paris est un dispositif innovant et unique en France qui vise à poursuivre et à accentuer l’aide à la rénovation énergétique et environnementale des copropriétés parisiennes. Il permet de répondre aux enjeux liés à l’adaptation au changement climatique, à l’empreinte carbone de la rénovation énergétique et au développement des EnR. La ville de Par"
energies-consommation-energetique-des-batiments-occupes-par-l-administration-par,Energies - Consommation énergétique des bâtiments occupés par l’administration parisienne,Environnement,"Energies,Chauffage,Climatisation,Bâtiment,Climat,DTEC,OBS-TES",Direction de la Transition Écologique et du Climat - Ville de Paris,LocalAuthority,ANNUAL,Open Database License (ODbL),2026-04-16,16,"Ce jeu de données présente la consommation annuelle énergétique des bâtiments que la Ville de Paris occupe et pour lesquels elle a souscrit des contrats de fourniture d’énergie (électricité, gaz, réseau de chaleur, réseau de froid, et fioul). Cet indicateur ne comprend pas la production d’énergie renouvelable à l’échelle du bâtiment (ex : production d’électricité par des panneaux photovoltaïques). Source : Direction Constructions Publiques et Architecture (DCPA) qui fournit le nombre d’équipement sur lesquels les chiffres de consommation reposent et les consommations par fluides."
evaluation-climat-budget_par_politique_publique,Evaluation Climat du budget de la collectivité par politique publique,Environnement,"Climat,plan climat,budget,bilan comptable,compte administratif,OBS-TES,DTEC",Direction de la Transition Écologique et du Climat - Ville de Paris,LocalAuthority,ANNUAL,Open Database License (ODbL),2026-04-16,54,"Jeu de données présentant les résultats de l’évaluation climat du budget, décomposés par politique publique de la Ville. La démarche d’évaluation climat du budget de la Ville de Paris repose sur une méthodologie portée par l’Institut de l’économie pour le climat (I4CE) . Elle permet de classer les dépenses de fonctionnement et d’investissement de la collectivité en fonction de leur impact - favorable, défavorable, neutre ou indéfini - sur l’atténuation des émissions de gaz à effet de serre (GES). Entreprise pour la première fois en 2020 sur le compte administratif (CA) de 2019, l’évaluation cl"
evaluation-climat-du-budget-d-ela-collectivite,Evaluation Climat du budget de la collectivité - Vue globale,Environnement,"Climat,plan climat,budget,bilan comptable,compte administratif,DTEC",Direction de la Transition Écologique et du Climat - Ville de Paris,LocalAuthority,ANNUAL,Open Database License (ODbL),2026-04-15,8,"Jeu de données permettant d'analyser le budget de la collectivité sous le prisme du climat, reposant sur une méthodologie partagée d'évaluation des budgets des collectivités territoriales. La démarche d’évaluation climat du budget de la Ville de Paris repose sur une méthodologie portée par l’Institut de l’économie pour le climat (I4CE) . Elle permet de classer les dépenses de fonctionnement et d’investissement de la collectivité en fonction de leur impact - favorable, défavorable, neutre ou indéfini - sur l’atténuation des émissions de gaz à effet de serre (GES). Entreprise pour la première fo"
dechets-menagers-points-dapport-volontaire-conteneur-textile,Déchets ménagers - Points d'apport volontaire - Conteneur textile,Environnement,"Point de collecte,Tri,Equipements,Textile",Refashion - organisme de la Filière Textile,,DAILY,Licence Ouverte (Etalab),2026-04-09,258,"Localisation des points de collecte en apport volontaire destinés au textile. Ne jetez pas vos vêtements, foulards, gants et bonnets, draps et serviettes, nappes et mouchoirs, chaussures de ville et de sport, tongs et sandales…, même usés, ils peuvent servir et être valorisés ! Trois opérateurs de la collecte des textiles, Le Relais 75, Le Relais Val-de-Seine et Ecotextile, mettent à votre disposition plus de 300 conteneurs sur le territoire parisien. Les textiles, linges et chaussures déposés sont ensuite triés, et soit revendus pour être réemployés, soit recyclés. Plus d'informations sur Par"
dans-ma-rue-historique-anomalies-signalees,Dans Ma Rue - Historique - Anomalies signalées,"Equipements, Services, Social","propreté,signalement,graffiti,DMR,encombrants,Mobilier urbain,espace public,2 roues motorisés,vélo,Dans Ma Rue",Ville de Paris,,,Open Database License (ODbL),2026-04-01,0,"Jeux de données historiques des anomalies signalées par les contributeurs-utilisateurs de l'application Dans Ma Rue. Depuis 2012 la ville de Paris a lancé une application mobile de signalements des anomalies sur l'espace public appelée "" Dans Ma Rue"". Plus d'informations Signaleurs « Dans ma rue » : agir sur l’espace public Vous trouverez ici en pièce jointe un export CSV par année depuis 2012. Le jeu de données de l'année précédente et en cours à J-3 mois mis à jour quotidiennement est disponible ici : Dans Ma Rue - Anomalies signalées"
volontaires-de-paris,Nombre de Volontaires de Paris,Citoyenneté,participation citoyenne,"Direction de la Démocratie, des Citoyen.ne.s et des Territoires - Ville de Paris et SECA",,ANNUAL,Licence Ouverte (Etalab),2026-04-01,6,"Les volontaires sont les citoyens inscrits pour participer à des actions autour des enjeux du climat et de l'environnement, de la solidarité, de l’accessibilité ou encore de la végétalisation... Il s’agit du nombre de citoyens ayant signé la charte des volontaires de Paris, actifs cumulés depuis 2020. Fin juin 2024, 80 293 personnes actives étaient inscrites comme Volontaires de Paris. Les personnes actives sont celles qui ont répondu ou ouvert les newsletters des Volontaires de Paris au cours des 5 derniers mois."
paris-wi-fi-utilisation-des-hotspots-paris-wi-fi,Paris Wi-Fi - Utilisation des hotspots du réseau,"Equipements, Services, Social","wifi,hotspots,internet,wifi paris",Direction des Systèmes d’Information et du Numérique - Ville de Paris ,,,Open Database License (ODbL),2026-04-01,9615657,"Jeu de données détaillant les sessions des hotspots Paris Wi-Fi depuis septembre 2019 sur chaque site équipés. L'accès au service internet Wi-Fi de la Ville de Paris est ouvert aux usagers dans la limite de la tranche horaire de 7h à minuit.. Les connexions sont limités à 2h, sans limitation de reconnexion. Les Conditions Générales d'Utilisation du service sont disponibles en pièce jointe. Hotspots listés et cartographiés dans le jeu de données suivant : Paris Wi-Fi - Sites disposant du service Paris Wi-Fi est un service mis en place par la Ville de Paris. Il vous permet de vous connecter grat"
indicateur-dlh-logements-sociaux-finances-pour-renovation,Logements sociaux financés pour rénovation,,,Direction du Logement et de l'Habitat - Ville de Paris,,ANNUAL,Open Database License (ODbL),2026-03-18,17,"Suite à l’adoption du 1er Plan Climat parisien, la Ville de Paris a lancé un programme d’aides financières au bénéfice des bailleurs sociaux implantés sur le territoire parisien pour accélérer la rénovation énergétique de leur patrimoine. Elle co-finance ainsi depuis 2009 la rénovation globale des logements sociaux qui permet de diminuer les consommations énergétiques et les émissions de gaz à effet de serre tout en améliorant le confort des habitants. Pour en savoir plus : https://www.paris.fr/pages/la-renovation-environnementale-des-logements-en-cartes-26117"
eau-evolution-des-prelevements-en-eau-pour-les-besoins-du-territoire-parisien,Eau - Évolution des prélèvements en eau pour les besoins du territoire parisien,Environnement,"eau,Eau potable,Eau de Paris,réseau,OBS-TES,Qualité environnementale,DTEC",Direction de la Transition Écologique et du Climat - Ville de Paris,LocalAuthority,ANNUAL,Open Database License (ODbL),2026-03-12,10,"Volumes annuels en millions de m3 d'eau potable et d'eau non potable prélevés pour les besoins des consommateurs sur le territoire parisien Le volume prélevé correspond au volume d’eau brute prélevée dans le milieu naturel, pour l’ensemble du service (Sispea : observatoire national des données sur les services publics d’eau et d’assainissement https://www.services.eaufrance.fr/ ). La Ville de Paris dispose sur son territoire, d'une double infrastructure d'eau, potable et non potable permettant la fourniture d'eaux de qualité différente selon les usages qui en sont faits. Cette configuration, u"
qualite-de-l-air-emissions-sectorielles-de-nox-pm2-5-pm10,Qualité de l'air - Emissions sectorielles de NOx - PM2.5 - PM10,Environnement,"Climat,plan climat,pollution,polluant,air,Qualité de l'air,émission,NO2,PM2.5,PM10,particule,DTEC",Direction de la Transition Écologique et du Climat - Ville de Paris,LocalAuthority,ANNUAL,Open Database License (ODbL),2026-03-11,7,"Jeu de données portant sur les émissions sectorielles d’oxyde d’azote NOx, de particules PM10 et de particules fines PM2.5 Les émissions désignent les quantités de polluants de l’air et de GES directement rejetés dans l'atmosphère par les activités humaines (trafic routier, chauffage, chantiers, agriculture, usines...). Les polluants problématiques à Paris sont, entre autres, le dioxyde d’azote (NO 2 ) et les particules fines (PM10 et PM2,5). Leurs concentrations dépassent les recommandations de l’OMS. Les oxydes d'azote (NOX) correspondent à la somme des émissions de monoxyde d’azote (NO), pr"
qualite-de-l-air-nombre-de-jours-de-depassement-des-seuils-no2-pm10-ozone,Qualité de l'air – Nombre de jours de dépassement des seuils - NO2 - PM10 – O3,Environnement,"Climat,plan climat,pollution,polluant,air,Qualité de l'air,pic de pollution,NO2,PM10,O3,OBS-TES,Qualité environnementale,DTEC",Direction de la Transition Écologique et du Climat - Ville de Paris,LocalAuthority,ANNUAL,Open Database License (ODbL),2026-03-11,15,"Jeu de données déterminant le nombre de jours pour chaque polluants, Dioxyde d’azote(NO2) – Particules (PM10) – Ozone (O3) où les seuils d’information et d’alerte ont été dépassés. La procédure d'information et d'alerte en cas de pic de pollution s’applique à 3 polluants : l'Ozone (O3) - le Dioxyde d’azote (NO2) - les particules (PM10). La procédure est déclenchée de fait pour un polluant sur constat de dépassement du seuil correspondant ou à partir de la prévision d’un risque de dépassement émis par Airparif. En France, un arrêté inter-ministériel définit la procédure d’information et d’alert"
qualite-de-l-air-indice-atmo,Qualité de l'air - Indice ATMO à partir de 2021,Environnement,"Climat,plan climat,pollution,polluant,air,Qualité de l'air,indice journalier,ATMO,DTEC",Direction de la Transition Écologique et du Climat - Ville de Paris,LocalAuthority,ANNUAL,Open Database License (ODbL),2026-03-11,5,"Jeu de données permettent de déterminer le nombre de jour où la qualité de l'air est considérée de ""bonne"" à ""extrêmement mauvaise"", reposant sur le nouvel indice ATMO au 1er janvier 2021. L’indice ATMO a été révisé et adopté par le Ministère de la Transition Écologique le 1er janvier 2021. L’indice ATMO intègre les principaux polluants atmosphériques réglementés, traceurs des activités de transport, urbaines et industrielles PM10, PM2.5, dioxyde d'azote, ozone, dioxyde de soufre. Il se décline en six qualificatifs définis selon différentes classes pour ces cinq polluants : ""bon"", ""moyen"", ""dé"
qualite-de-l-air-exposition-des-parisen-ne-s-au-no2-et-pm2-5,Qualité de l'air – Exposition des parisien(ne)s au NO2 et PM2.5,Environnement,"Climat,plan climat,pollution,polluant,air,Qualité de l'air,exposition,NO2,PM2.5,DTEC",Direction de la Transition Écologique et du Climat - Ville de Paris,LocalAuthority,ANNUAL,Open Database License (ODbL),2026-03-11,10,"Jeu de données déterminant annuellement le nombre de parisien.ne.s à domicile soumis.e.s à un dépassement des valeurs réglementaire ou des recommandations OMS. Tous les ans, Airparif a l'obligation réglementaire de publier le bilan annuel de la qualité de l'air. Il apporte des précisions sur l'exposition des franciliens à la pollution en fonction des polluants et des lieux. Les concentrations des polluants réglementés diminuent depuis plusieurs années sur Paris et l’Île-de-France, grâce à la baisse des émissions du trafic routier (diminution du trafic et amélioration du parc automobile à la fa"
beneficiaires,Nombre de bénéficiaires d'aides facultatives délivrées par la Direction des solidarités (DSOL/CASVP),"Equipements, Services, Social","CASVP,Aide Sociale,Aide famille,Aide personnes âgées,Aide personnes handicapés,Aides aux personnes en difficulté,DSOL",Direction des Solidarités (DSOL),,,Open Database License (ODbL),2026-03-10,280,"Nombre de bénéficiaires d'aides facultatives délivrées par la Direction des solidarités (DSOL/CASVP) La DSOL met en œuvre la politique d'action sociale définie par la Ville de Paris, au travers notamment de la délivrance des prestations d’aide sociale visant à soutenir les Parisien·ne·s les plus fragiles, de la gestion de près de 140 établissements pour l'accueil ou l'hébergement des personnes âgées, en difficulté ou sans abri, de la mise en œuvre et du développement de dispositifs de services à la personne, de la prévention et de la protection de l'enfance, ou encore des services sociaux de p"
paris-logement-familles-monoparentales,Paris Logement Familles Monoparentales,"Equipements, Services, Social","Famille,Aide,Aide famille,familles monoparentales,logement,Aide au logement,CASVP,DSOL",Direction des Solidarités (DSOL),,,Open Database License (ODbL),2026-03-10,260,"Nombre de bénéficiaires Paris Logement Familles Monoparentales Paris Logement Familles Monoparentales (PLFM) est une allocation mensuelle attribuée aux parents seuls ayant un ou plusieurs enfant(s) à charge afin d’aider à supporter leurs dépenses de logement. Il s’agit de la seule aide dédiée spécifiquement aux familles monoparentales. Le montant de l’aide est attribué en fonction de la composition du foyer et des revenus mensuels (hors minimas sociaux), dans la limite du reste à charge après application des aides de la CAF. Les charges prises en compte sont : le loyer (pour les locataires en "
paris-energie-familles,Paris Energie Familles,"Equipements, Services, Social","Famille,Aide,Aide famille,énergie,CASVP,DSOL",Direction des Solidarités (DSOL),,,Open Database License (ODbL),2026-03-10,240,Nombre de bénéficiaires Paris Énergie Familles Paris Énergie Familles (PEF) est une aide attribuée annuellement sous condition de ressources aux familles parisiennes pour alléger leurs dépenses de consommation d’électricité et / ou de gaz et favoriser la prévention des impayés. L’aide est versée directement aux fournisseurs d’énergie qui se chargent de la déduire du montant des factures à acquitter par la famille. Un versement unique est effectué par période de 12 mois. Le bénéficiaire peut choisir de répartir le montant entre le fournisseur de gaz et le fournisseur d’électricité auprès desque
nombre-de-beneficiaires-en-situation-de-handicap-sur-les-principales-aides-du-ca,Bénéficiaires en situation de handicap par type d'aide,"Equipements, Services, Social","Aide personnes handicapés,handicap,CASVP,Aide Sociale,Aide Sociale facultative,DSOL",Direction des Solidarités (DSOL),,,Open Database License (ODbL),2026-03-10,168,"Nombre de bénéficiaires en situation de handicap au regard des principales aides facultatives accordées par la Ville de Paris Ville de Paris propose aux Parisiens en situation de handicap un certain nombre de prestations qui visent à leur garantir un minimum de ressources, à améliorer leur vie quotidienne et à offrir des services à domicile et des structures d'accueil adaptés aux besoins de chaque personne. Les aides à destination de ce public sont les suivantes : o - une aide au transport : Pass Paris Seniors Access ’ ; o - un complément de ressources : Paris Solidarité ; o - une participatio"
nombre-de-beneficiaires-paris-logement,Paris Logement,"Equipements, Services, Social","logement,Aide au logement,CASVP,DSOL",Direction des Solidarités (DSOL),,,Open Database License (ODbL),2026-03-10,260,"Nombre de bénéficiaires Paris Logement Paris Logement (PL) est une allocation mensuelle destinée aux Parisiens locataires en difficulté, personnes isolées, couples sans enfant, couples ayant un enfant à charge, disposant de faibles revenus afin de les aider à supporter leurs dépenses de logement. Le bénéficiaire doit justifier d’un taux d’effort pour le paiement du loyer et des charges égal ou supérieur à 30 % de ses ressources, calculé sur la base du barème forfaitaire des charges locatives appliqué par la CAF. Le plafond de ressources est identique pour les personnes isolées et les couples s"
paris-forfait-familles,Paris Forfait Familles,"Equipements, Services, Social","Famille,Aide,enfant,loisirs,CASVP,DSOL",Direction des Solidarités (DSOL),,,Open Database License (ODbL),2026-03-10,260,"Nombre de bénéficiaires Paris Forfait Familles Le Paris Forfait Familles ( PFF ) est une aide destinée aux familles ayant au moins trois enfants à charge afin de les aider à faire face aux dépenses de diverses natures liées à la parentalité. L’aide est versée une fois par an et son montant varie en fonction des revenus du foyer, comme suit : Plafond de ressources mensuelles Montant de l’aide Ressources ≤ à 3 000 € 305 € Ressources &gt; à 3 000 € et ≤ à 5 000 € 200 € L’aide est soumise à certaines conditions (ex : ressources, 3 ans de résidence à Paris dans les 5 dernières années ou un an en ca"
nombre-de-beneficiaires-paris-logement-familles,Paris Logement Familles,"Equipements, Services, Social","Aide famille,Aide au logement,Aide Sociale,CASVP ,DSOL",Direction des Solidarités (DSOL),,,Open Database License (ODbL),2026-03-10,260,"Nombre de bénéficiaires Paris Logement Familles Paris Logement Familles (PLF) est une allocation mensuelle destinée aux familles ayant au moins deux enfants à charge, ou au moins un enfant en situation de handicap, afin de les aider à supporter leurs dépenses de logement. Le montant de l’aide est attribué en fonction de la composition du foyer et des revenus mensuels (hors minimas sociaux comme le RSA), dans la limite du reste à charge après application des aides de la CAF. Les charges prises en comptes sont : le loyer (pour les locataires en titres), les charges de copropriété (pour les propr"
paris-logement-personnes-agees-personnes-handicapees,Paris Logement Personnes âgées - Personnes en situation de handicap,"Equipements, Services, Social","Aide personnes handicapés,Aide au logement,Aide personnes âgées,Aide Sociale,CASVP,DSOL",Direction des Solidarités (DSOL),,,Open Database License (ODbL),2026-03-10,260,"Nombre de bénéficiaires Paris Logement Personnes Âgées - Personnes en situation de handicap Paris Logement Personnes Âgées Personnes Handicapées (PLPAPH) est une aide mensuelle destinée aux Parisien.ne.s âgés ou handicapé.es locataires en titre, disposant de faibles revenus, afin de les aider à mieux supporter leurs dépenses de logement. Les ressources des demandeurs sont réputées être au moins égales à l’Allocation de solidarité aux personnes âgées (ASPA). Le plafond de ressources est identique pour les personnes isolées et les couples sans enfant et il est revalorisé en fonction de l’évoluti"
paris-pass-familles,Paris Pass Familles,"Equipements, Services, Social","Famille,loisirs,Enfant handicapé,CASVP,DSOL",Direction des Solidarités (DSOL),,,Open Database License (ODbL),2026-03-10,260,"Nombre de bénéficiaires Paris Pass Familles Le Paris Pass Familles ( PPF ) est une carte de loisirs gratuite, adressée aux familles ayant au moins trois enfants à charge, ou au moins un enfant en situation de handicap. La carte leur permet de bénéficier de tarifs préférentiels pour l'accès à certains équipements municipaux (musées, parcs et jardins) et offre la gratuité pour les piscines municipales. La prestation est délivrée sans condition de ressources. La carte remise aux familles est valable un an à compter de sa date de délivrance. Pour en savoir plus, rendez-vous dans la Maison des Soli"
casvp-pass-paris-access-jeunes,Pass Paris Access' Jeunes,"Equipements, Services, Social","transport,CASVP,Aide personnes handicapés,handicap,PMR,Aide aux transports,DSOL",Direction des Solidarités (DSOL),,,Open Database License (ODbL),2026-03-09,120,"Nombre de bénéficiaires du Pass Paris Access' Jeunes Le Pass Paris Access’ Jeunes (PPAJ) est un titre de transport attribué sous forme d’un forfait unique dézoné et gratuit depuis le 1er septembre 2019. Il est proposé aux enfants en situation de handicap âgés de 16 à 19 ans, bénéficiaires de l’AEEH ou de l’AAH, et non titulaires de la carte Imagine’R. Pour en savoir plus, rendez-vous dans la Maison des Solidarités (MdS) de votre arrondissement ou sur Paris.fr Aides aux transports - Ville de Paris"
secteurs-scolaires-maternelles,Secteurs scolaires – Ecoles maternelles,"Equipements, Services, Social","secteurs,scolaire,écoles,collèges,DASCO",Direction des Affaires Scolaires - Ville de Paris,,,Open Database License (ODbL),2026-03-03,2683,Jeu de données des secteurs scolaires des écoles maternelles Les secteurs sont les zones de répartition des élèves dans les établissements à Paris. Plus d'information sur les écoles maternelles : Paris.fr Accès à la carte des secteurs scolaires de la Ville de Paris
etablissements-scolaires-colleges,Etablissements scolaires – Collèges,"Equipements, Services, Social","école,collèges,scolaire,secteurs,maternelle,élémentaires,DASCO",Direction des Affaires Scolaires - Ville de Paris,,,Open Database License (ODbL),2026-03-03,798,"Localisation des collèges de la Ville de Paris. Vous pouvez retrouver sur ce lien, le jeu de données des Secteurs scolaire - Collèges . Plus d'information sur les Collèges : Paris.fr Accès à la carte des secteurs scolaires de la Ville de Paris"
secteurs-scolaires-ecoles-elementaires,Secteurs scolaires – Ecoles élémentaires,"Equipements, Services, Social","secteurs,scolaire,écoles,collèges,DASCO",Direction des Affaires Scolaires - Ville de Paris,,,Open Database License (ODbL),2026-03-03,2504,Jeu de données des secteurs scolaires des écoles élémentaires Les secteurs sont les zones de répartition des élèves dans les établissements à Paris. Plus d'information sur les écoles élémentaires : Paris.fr Accès à la carte des secteurs scolaires de la Ville de Paris
secteurs-scolaires-colleges,Secteurs scolaires – Collèges,"Equipements, Services, Social","secteurs,scolaire,écoles,collèges,DASCO",Direction des Affaires Scolaires - Ville de Paris,,,Open Database License (ODbL),2026-03-03,770,Jeu de données des secteurs scolaires des collèges Les secteurs sont les zones de répartition des élèves dans les établissements à Paris. Plus d'information sur les collèges : Paris.fr Accès à la carte des secteurs scolaires de la Ville de Paris
etablissements-scolaires-ecoles-elementaires,Etablissements scolaires – Ecoles élémentaires,"Equipements, Services, Social","école,collèges,scolaire,secteurs,maternelle,élémentaires,DASCO",Direction des Affaires Scolaires - Ville de Paris,,,Open Database License (ODbL),2026-03-03,2237,"Localisation des écoles élémentaires de la Ville de Paris. Vous pouvez retrouver sur ce lien, le jeu de données des Secteurs scolaire - Ecoles élémentaires . Plus d'information sur les écoles élémentaires : Paris.fr Accès à la carte des secteurs scolaires de la Ville de Paris"
etablissements-scolaires-maternelles,Etablissements scolaires – Ecoles maternelles,"Equipements, Services, Social","école,collèges,scolaire,secteurs,maternelle,élémentaires,DASCO",Direction des Affaires Scolaires - Ville de Paris,,,Open Database License (ODbL),2026-03-03,2245,"Localisation des écoles maternelles de la Ville de Paris. Vous pouvez retrouver sur ce lien, le jeu de données des Secteurs scolaire - Maternelles . Plus d'information sur les écoles maternelles : Paris.fr Accès à la carte des secteurs scolaires de la Ville de Paris"
municipales_2026_emplacement_panneaux_electoraux,Emplacements des panneaux électoraux – Elections municipales – 15 et 22 mars 2026,Citoyenneté,"Elections,Panneaux,Affichage,Bureaux de vote ","DDCT - Direction de la Démocratie, des Citoyen.ne.s et des Territoires",,,Licence Ouverte (Etalab),2026-02-24,545,"En application des dispositions des articles L.51 et R.28 du code électoral, les candidats doivent pouvoir disposer à compter de la date du début de la campagne officielle - fixée au 2 mars 2026 pour le scrutin des élections municipales des 15 et 22 mars - de panneaux réservés à leur affichage. La Ville de Paris met à disposition des candidats 545 emplacements dont les localisations sont précisées, pour chacun des 17 secteurs, dans les fichiers correspondants."
comptage-velo-historique-donnees-compteurs,Comptage vélo - Historique - Données Compteurs et Sites de comptage,Mobilité et Espace Public,"vélo,comptage vélo,piste cyclable,DVD,IoT,bande cyclable",Direction de la Voirie et des Déplacements - Ville de Paris,,,Open Database License (ODbL),2026-02-20,0,Jeu de données historique des comptages horaires de vélos et localisation des sites de comptage Données disponibles depuis le 1er janvier 2016 2 types de fichiers historiques sont disponibles : - par Compteur (avec sens de circulation) et par heure - par Site de comptage (sans distinction de sens de circulation) et par 1/4 d'heure Fichiers CSV compressés en pièces jointes ci-dessous Un site de comptage peut être équipé d'un compteur dans le cas d'un aménagement cyclable unidirectionnel ou de deux compteurs dans le cas d'un aménagement cyclable bi-directionnel. La Ville de Paris déploie depuis 
comptages-routiers-permanents-historique,Comptage routier - Historique - Données trafic issues des capteurs permanents,Mobilité et Espace Public,"circulation,trafic,comptage routier,DVD,mobilité,transport,voiture",Direction de la Voirie et des Déplacements - Ville de Paris,,,Open Database License (ODbL),2026-02-16,0,"Données historique de trafic routier issues des capteurs permanents depuis 2010 jusqu'à l'année A-1. Ce jeu de données correspond à l’historique de celui de l'année en cours Comptage routier - Données trafic issues des capteurs permanents Sur le réseau parisien, la mesure du trafic s’effectue majoritairement par le biais de boucles électromagnétiques implantés dans la chaussée. La donnée est produite par la Direction de la Voirie et des déplacements - Service des Déplacements - Poste Central d'Exploitation Lutèce. La donnée et les visualisations associées (Tableau, Carte et Dataviz) sont brute"
secteurs-des-bureaux-de-vote-2026,Secteurs des bureaux de vote 2026,Citoyenneté,"bureau de vote,vote,suffrages,Elections","Direction de la Démocratie, des Citoyen.ne.s et des Territoires - Ville de Paris",,,Licence Ouverte (Etalab),2026-01-26,903,"Sectionnement 2026 - Périmètres des bureaux de vote et rattachement des électeurs selon leur adresse d’inscription. Le sectionnement 2026, qui a fait l’objet de l’arrêté préfectoral du 12 janvier 2026 , comprend 903 bureaux de vote. Il détaille : - les emprises des secteurs géographiques auxquelles sont rattachés les électeurs d’un bureau de vote en fonction de leur adresse d’inscription ; - les adresses des bureaux de vote centralisateurs intermédiaires pour le scrutin pour le Conseil de Paris et les bureaux de vote centralisateurs pour les conseils d’arrondissement ; - l’adresse du bureau de"
bureaux_votes_2026,Bureaux de vote 2026,Citoyenneté,"bureau de vote,vote,scrutin,élection","Direction de la Démocratie, des Citoyen.ne.s et des Territoires - Ville de Paris",,,Licence Ouverte (Etalab),2026-01-24,903,"Sectionnement 2026 - Localisation des bureaux de vote Le sectionnement 2026, qui a fait l’objet de l’arrêté préfectoral du 12 janvier 2026, comprend 903 bureaux de vote. Les bureaux de vote sont les lieux où les personnes inscrites sur les listes électorales se déplacent pour voter. La loi du 11 août 2025 visant à réformer le mode d'élection des membres du conseil de Paris et des conseils municipaux de Lyon et de Marseille a conduit à la modification de plusieurs adresses de bureaux de vote. Les bureaux de vote sont le plus souvent localisés dans les mairies d’arrondissement, les établissement"
temperature_moyenne_paris,Adaptation climatique - Température moyenne annuelle,Environnement,"Climat,plan climat,météo,Température,canicule,OBS-TES,DTEC",Direction de la Transition Écologique et du Climat - Ville de Paris,LocalAuthority,ANNUAL,Open Database License (ODbL),2026-01-22,153,"Évolution des températures moyennes annuelles à Paris, mesurée par la station météorologique Montsouris installée dans le parc Montsouris depuis 1873. Au travers de leur partenariat l’Agence Parisienne du Climat et Météo-France ont construit et diffuse un socle de connaissances sur le changement climatique appliqué à l’échelle métropolitaine. Comprendre le climat parisien avec Météo-France . Au travers des bulletins climatiques annuels produit spécialement pour la population parisienne, nous pouvons suivre l’ évolution des températures à Paris-Montsouris . Ouverte en 1867, la station météo qui"
plub_pvp_geop,PLU bioclimatique - Protections patrimoniales - Protections à pour géométrie ponctuelle,Urbanisme et Logements,"PLU,DU",Direction de l'Urbanisme - Ville de Paris,,,Open Database License (ODbL),2026-01-15,199,"Plan Local d'Urbanisme Bioclimatique de Paris - Protections patrimoniales - Protections à pour géométrie ponctuelle Version du PLU votée par le Conseil de Paris le 16 décembre 2025. Documentation complète : cf. ""Protection patrimoniale – Protection à pour géométrie ponctuelle - Table.pdf"" en pièce jointe. Données disponibles pour information et sans valeur réglementaire. Pour accéder au PLU officiel, consulter le Portail des Règles d'Urbanisme de Paris. Pour accéder aux autres données du PLU disponibles sur l'Opendata, consulter cette page . Les documents et données du PLU sont également téléc"
plub_voie,PLU bioclimatique - Voies et aménagements piétonniers,Urbanisme et Logements,"PLU,DU",Direction de l'Urbanisme - Ville de Paris,,,Open Database License (ODbL),2026-01-15,386,"Plan Local d'Urbanisme Bioclimatique de Paris - Voies et aménagements piétonniers Version du PLU votée par le Conseil de Paris le 16 décembre 2025. Documentation complète : cf. ""Voie et aménagement piétonnier.pdf"" en pièce jointe. Données disponibles pour information et sans valeur réglementaire. Pour accéder au PLU officiel, consulter le Portail des Règles d'Urbanisme de Paris. Pour accéder aux autres données du PLU disponibles sur l'Opendata, consulter cette page . Les documents et données du PLU sont également téléchargeables sur le Géoportail National de l'Urbanisme ."
plub_filet,PLU bioclimatique - Filets gabarit-enveloppe,Urbanisme et Logements,"PLU,DU",Direction de l'Urbanisme - Ville de Paris,,,Open Database License (ODbL),2026-01-15,20644,"Plan Local d'Urbanisme Bioclimatique de Paris - Filets gabarit-enveloppe Version du PLU votée par le Conseil de Paris le 16 décembre 2025. Documentation complète : cf. ""Filet gabarit-enveloppe.pdf"" en pièce jointe. Données disponibles pour information et sans valeur réglementaire. Pour accéder au PLU officiel, consulter le Portail des Règles d'Urbanisme de Paris. Pour accéder aux autres données du PLU disponibles sur l'Opendata, consulter cette page . Les documents et données du PLU sont également téléchargeables sur le Géoportail National de l'Urbanisme ."
plu-annexes-sursis-a-statuer,PLU - Annexes - Sursis à statuer,Urbanisme et Logements,"PLU,DU",Direction de l'Urbanisme - Ville de Paris,,,Open Database License (ODbL),2026-01-15,56,"Périmètres où l'autorité compétente peut surseoir à statuer sur les demandes d'autorisation. Informations annexées au PLU de Paris Version du PLU mise à jour le 19 décembre 2025. Documentation complète : cf. PLU_ANX_SAS.PDF en pièce jointe Données disponibles pour information et sans valeur réglementaire. Pour accéder au PLU officiel (en PDF), consulter www.pluenligne.fr Pour accéder aux autres données du PLU disponibles sur l'Opendata, consulter cette page Pour plus d'information sur le PLU sur Paris.fr et sa carte dédiée Les documents et données du PLU sont également téléchargeables sur le G"
plu-annexes-zones-damenagement-concerte,PLU - Annexes - Zones d'Aménagement Concerté,Urbanisme et Logements,"PLU,DU",Direction de l'Urbanisme - Ville de Paris,,,Open Database License (ODbL),2026-01-15,11,"Zones d'Aménagement Concerté (ZAC) Informations annexées au PLU de Paris Mise à jour du PLU du 19 décembre 2025. Documentation complète : cf. PLU_ANX_ZAC.PDF en pièce jointe Données disponibles pour information et sans valeur réglementaire. Pour accéder au PLU officiel (en PDF), consulter www.pluenligne.fr Pour accéder aux autres données du PLU disponibles sur l'Opendata, consulter cette page Pour plus d'information sur le PLU sur Paris.fr et sa carte dédiée Les documents et données du PLU sont également téléchargeables sur le Géoportail National de l'Urbanisme"
plub_epp,PLU bioclimatique - Protections patrimoniales - Eléments particuliers protégés,Urbanisme et Logements,"PLU,DU",Direction de l'Urbanisme - Ville de Paris,,,Open Database License (ODbL),2026-01-15,199,"Plan Local d'Urbanisme Bioclimatique de Paris - Protections patrimoniales - Eléments particuliers protégés Version du PLU votée par le Conseil de Paris le 16 décembre 2025. Documentation complète : cf. ""Protection patrimoniale - Elément particulier protégé.pdf"" en pièce jointe. Données disponibles pour information et sans valeur réglementaire. Pour accéder au PLU officiel, consulter le Portail des Règles d'Urbanisme de Paris. Pour accéder aux autres données du PLU disponibles sur l'Opendata, consulter cette page . Les documents et données du PLU sont également téléchargeables sur le Géoportail"
plu-annexes-droit-de-preemption-urbain-renforce,PLU - Annexes - Droit de Préemption Urbain Renforcé,Urbanisme et Logements,"PLU,DU",Direction de l'Urbanisme - Ville de Paris,,,Open Database License (ODbL),2026-01-15,647,"Parcelles soumises au Droit de Préemption Urbain Renforcé. Informations annexées au PLU de Paris Données conformes aux dernières délibérations du Conseil de Paris les ayant modifiées (7 octobre 2025); Documentation complète : cf. PLU_ANX_DPUR.PDF en pièce jointe Données disponibles pour information et sans valeur réglementaire. Pour accéder au PLU officiel (en PDF), consulter le Portail des Règles d'Urbanisme Pour accéder aux autres données du PLU disponibles sur l'Opendata, consulter cette page Les documents et données du PLU sont également téléchargeables sur le Géoportail National de l'Urba"
plub_elpv,PLU bioclimatique - Espaces libres protégés à végétaliser,Urbanisme et Logements,"PLU,DU",Direction de l'Urbanisme - Ville de Paris,,,Open Database License (ODbL),2026-01-15,7268,"Plan Local d'Urbanisme Bioclimatique de Paris - Espaces libres protégés à végétaliser Version du PLU votée par le Conseil de Paris le 16 décembre 2025. Documentation complète : cf. ""Espace libre protégé à végétaliser.pdf"" en pièce jointe. Données disponibles pour information et sans valeur réglementaire. Pour accéder au PLU officiel, consulter le Portail des Règles d'Urbanisme de Paris. Pour accéder aux autres données du PLU disponibles sur l'Opendata, consulter cette page . Les documents et données du PLU sont également téléchargeables sur le Géoportail National de l'Urbanisme ."
coordonnees-ssp-et-casvp,Liste des Maisons des Solidarités (MdS),"Equipements, Services, Social","CASVP,SSP,DSOL",Direction des Solidarités (DSOL),,,Open Database License (ODbL),2025-11-28,17,"Liste des Maisons des Solidarités (MdS) Coordonnées des MdS d'arrondissement Pour en savoir plus, rendez-vous dans la Maison des Solidarités (MdS) de votre arrondissement ou sur Paris.fr Maisons des Solidarités (ex Casvp) - Ville de Paris"
plub_sectpart,PLU bioclimatique - Secteurs soumis à des dispositions particulières,Urbanisme et Logements,"PLU,DU",Direction de l'Urbanisme - Ville de Paris,,,Open Database License (ODbL),2025-11-19,223,"Plan Local d'Urbanisme Bioclimatique de Paris - Secteurs soumis à des dispositions particulières Version du PLU mise en compatibilité le 17 octobre 2025. Documentation complète : cf. ""Secteur de dispositions particulières.pdf"" en pièce jointe. Données disponibles pour information et sans valeur réglementaire. Pour accéder au PLU officiel, consulter le Portail des Règles d'Urbanisme de Paris. Pour accéder aux autres données du PLU disponibles sur l'Opendata, consulter cette page . Les documents et données du PLU sont également téléchargeables sur le Géoportail National de l'Urbanisme ."
plub_logsoc,PLU bioclimatique - Secteurs relatifs à la mixité sociale,Urbanisme et Logements,"PLU,DU",Direction de l'Urbanisme - Ville de Paris,,,Open Database License (ODbL),2025-11-19,110,"Plan Local d'Urbanisme Bioclimatique de Paris - Secteurs relatifs à la mixité sociale Version du PLU mise en compatibilité le 17 octobre 2025. Documentation complète : cf. ""Secteurs relatifs à la mixité sociale.pdf"" en pièce jointe. Données disponibles pour information et sans valeur réglementaire. Visualisation des données : Voir cette carte Pour accéder au PLU officiel, consulter le Portail des Règles d'Urbanisme de Paris. Pour accéder aux autres données du PLU disponibles sur l'Opendata, consulter cette page . Les documents et données du PLU sont également téléchargeables sur le Géoportail "
plub_zonage,PLU bioclimatique - Plan de zonage,Urbanisme et Logements,"PLU,DU",Direction de l'Urbanisme - Ville de Paris,,,Open Database License (ODbL),2025-11-19,1158,"Zonage du Plan Local d'Urbanisme Bioclimatique de Paris. Version du PLU mise en compatibilité le 17 octobre 2025. Documentation complète : cf. ""Zonage.pdf"" en pièce jointe. Données disponibles pour information et sans valeur réglementaire. Visualisation des données : Voir cette carte Pour accéder au PLU officiel, consulter le Portail des Règles d'Urbanisme de Paris. Pour accéder aux autres données du PLU disponibles sur l'Opendata, consulter cette page . Les documents et données du PLU sont également téléchargeables sur le Géoportail National de l'Urbanisme ."
plub_equidest,PLU bioclimatique - Equilibre entre destinations,Urbanisme et Logements,"PLU,DU",Direction de l'Urbanisme - Ville de Paris,,,Open Database License (ODbL),2025-11-19,211,"Plan Local d'Urbanisme Bioclimatique de Paris - Equilibre entre destinations Version du PLU mise en compatibilité le 17 octobre 2025. Documentation complète : cf. ""Equilibre entre destinations.pdf"" en pièce jointe. Données disponibles pour information et sans valeur réglementaire. Visualisation des données : Voir cette carte Pour accéder au PLU officiel, consulter le Portail des Règles d'Urbanisme de Paris. Pour accéder aux autres données du PLU disponibles sur l'Opendata, consulter cette page . Les documents et données du PLU sont également téléchargeables sur le Géoportail National de l'Urba"
parcoursqaa,Parcours prioritaire des Quartiers d'Accessibilité Augmentée,Mobilité et Espace Public,,Ville de Paris,,,Open Database License (ODbL),2025-10-07,70,"Mise en accessibilité de parcours pour accéder à une offre de services Dans le cadre des Jeux Olympiques et Paralympiques, 17 Quartiers d’accessibilité augmentée (un par arrondissement) ont été déployés afin de permettre à tous les usagers, quelle que soit leur situation, de se déplacer plus facilement dans la capitale. Dans chaque quartier, « parcours prioritaire » permet notamment le cheminement entre un ensemble d’équipements publics accessibles. Chacun pourra accéder à plusieurs catégories de service sur ce parcours : sport ; santé ; petite enfance ; enseignement ; culture ; bibliothèque ;"
elections-legislative-partielle-2025-2eme-circonscription-2emetour,Elections - Législative Partielle 2025 - 2eme Circonscription – 2eme Tour,Citoyenneté,"résultats, élection, scrutin, vote, législatives","Direction de la Démocratie, des Citoyen.ne.s et des Territoires - Ville de Paris",,,Licence Ouverte (Etalab),2025-09-30,54,"Résultats du 2eme tour de l’élection législative partielle de la 2eme circonscription de Paris du 28 septembre 2025 par bureau de vote, quartier et arrondissement. Vous retrouverez : Nombre de procurations Nombre d’inscrits Nombre d’émargements Nombre de votants Nombre de blancs Nombre de nuls Nombre d’exprimés Les résultats pour chaque candidat Un identifiant ID_BVOTE permet de réaliser une jointure avec le jeu de données géographiques des secteurs de bureaux de vote . Ces résultats correspondent aux extraits le soir de scrutin du Système d'information élection de la Ville de Paris (""Paris Vo"
qualite-de-lair-concentration-moyenne-no2-pm25-pm10-o3-a-partir-de-2015,Qualité de l'air - Concentration moyenne - NO2 - PM2.5 - PM10 - O3 à partir de 2015,Environnement,"Climat,plan climat,pollution,polluant,air,Qualité de l'air,concentration,NO2,PM2.5,PM10,zone 30,O3,DTEC,OBS-TES",Direction de la Transition Écologique et du Climat - Ville de Paris,LocalAuthority,ANNUAL,Open Database License (ODbL),2025-09-23,10,"Jeu de données sur les concentrations moyennes annuelles de polluants pour le dioxyde d’azote NO2, les particules PM10, les particules fines PM2.5 et l'Ozone O3 à partir de 2015. Airparif surveille et analyse au quotidien l’évolution sur le long terme des niveaux de pollution selon les polluants, et en particulier les polluants réglementés, pour chaque année et sur toutes les communes franciliennes. Les concentrations des polluants réglementés diminuent depuis quelques années sur Paris et l’Île-de-France. Toutefois, les concentrations en particules et en dioxyde d’azote restent problématiques "
elections-legislatives-2025-1ertour,Elections - Législative Partielle 2025 - 2eme Circonscription - 1erTour,Citoyenneté,"résultats, élection, scrutin, vote, législatives","Direction de la Démocratie, des Citoyen.ne.s et des Territoires - Ville de Paris",,,Licence Ouverte (Etalab),2025-09-23,54,"Résultats du 1er tour de l’élection législative partielle de la 2eme circonscription de Paris du 21 septembre 2025 par bureau de vote, quartier et arrondissement. Vous retrouverez : Nombre de procurations Nombre d’inscrits Nombre d’émargements Nombre de votants Nombre de blancs Nombre de nuls Nombre d’exprimés Les résultats pour chaque candidat Un identifiant ID_BVOTE permet de réaliser une jointure avec le jeu de données géographiques des secteurs de bureaux de vote . Ces résultats correspondent aux extraits le soir de scrutin du Système d'information élection de la Ville de Paris (""Paris Vot"
parcoursqaa_extension_et_nouveau,Élargissement des Quartiers d'Accessibilité Augmentée : extension des premiers parcours et nouveaux parcours,Mobilité et Espace Public,"espace public,accessibilité,parcours",Ville de Paris,,IRREG,Licence Ouverte (Etalab),2025-09-22,70,Mise en accessibilité de nouveaux parcours et d’extension des premiers QAA pour accéder à une offre de services La première vague des 17 Quartiers d’accessibilité augmentée (QAA) déployée lors des Jeux Olympiques et Paralympiques est complétée d’une deuxième vague déployée début 2026 composée : D’une densification des 17 premiers parcours existants dans chaque arrondissement en ajoutant un minimum de 3 équipements valorisables c’est-à-dire accessibles ou devant l’être en 2025 en priorisant une catégorie d’équipement initialement non représentée dans la première vague. Du déploiement d’un nouve
historique-chantiers-a-paris-en-2024,Historique – chantiers à Paris en 2024,Mobilité et Espace Public,"chantiers,espace public,emprises chantier,Restriction circulation,circulation,stationnement,mobilité",Direction de la Voirie et des Déplacements - Ville de Paris,,,Licence Ouverte (Etalab),2025-09-15,27539,"Historique – chantiers à Paris en 2024 Jeu de données des chantiers en cours en 2024 , de la Ville de Paris, des opérateurs de réseaux ainsi que des chantiers privés qui occupent l'espace public parisien. Chaque enregistrement désigne une emprise de chantier. Un chantier peut contenir plusieurs emprises. L’emprise d’un chantier désigne une surface occupée temporairement par des travaux sur l’espace public. Elle correspond à l’espace déclaré par le demandeur (particulier riverain, concessionnaire de service public, maître d'œuvre ou conducteur de travaux, entreprise de BTP...) à l’occasion d’un"
chantiers-a-paris-copie3,Historique – chantiers à Paris en 2023,Mobilité et Espace Public,"chantiers,espace public,emprises chantier,Restriction circulation,circulation,stationnement,mobilité",Direction de la Voirie et des Déplacements - Ville de Paris,,,Licence Ouverte (Etalab),2025-09-12,29522,"Historique – chantiers à Paris en 2023 Jeu de données des chantiers en cours en 2023 , de la Ville de Paris, des opérateurs de réseaux ainsi que des chantiers privés qui occupent l'espace public parisien. Chaque enregistrement désigne une emprise de chantier. Un chantier peut contenir plusieurs emprises. L’emprise d’un chantier désigne une surface occupée temporairement par des travaux sur l’espace public. Elle correspond à l’espace déclaré par le demandeur (particulier riverain, concessionnaire de service public, maître d'œuvre ou conducteur de travaux, entreprise de BTP...) à l’occasion d’un"
immobilisations-etat-des-entrees-et-sorties-a-partir-de-2018,Immobilisations - Etat des Entrées et Sorties à partir de 2018,Administration et Finances Publiques,"immobilisation,DFA,acquisition,cession",Direction des Finances et des Achats - Ville de Paris,,,Open Database License (ODbL),2025-08-27,35962,"L’état des entrées et sorties des immobilisations du compte administratif présente l’ensemble des acquisitions et cessions effectuées pour un exercice donné. Il retrace donc : - Les cessions mobilières, immobilières et financières se rapportant à chaque modalité et type de cession. - Les acquisitions mobilières, immobilières et financières se rapportant à chaque modalité et type d’acquisition. - Le jeu de données contient pour chaque fiche d’immobilisation relative à un bien la date et la valeur d’acquisition, la durée d’amortissement, la date de cession, le prix de cession, la plus ou moins-v"
subventions-versees-annexe-compte-administratif-a-partir-de-2018,Subventions versées - Annexe Compte administratif à partir de 2018,Administration et Finances Publiques,,Direction des Finances et des Achats - Ville de Paris,,,Open Database License (ODbL),2025-08-26,47381,"Ce jeu de données récapitule toutes les subventions versées à des organismes de droit privé et de droit public, tant en section d’investissement qu’en section de fonctionnement pour un exercice donné ainsi que les mises à disposition à titre gratuit. Ce jeu de données correspond à une annexe du Compte Administratif, il s'ajoute au jeu de données des Subventions accordées et refusées par le Conseil de Paris. Nom de la colonne Descriptions Publication Annexe du compte administratif Collectivité Commune ou Département. Catégorie Distinction entre personnes de droit privé et personnes de droit pub"
comptes-administratifs-budgets-principaux-a-partir-de-2019-m57-ville-departement,Comptes Administratifs – Budgets Principaux à partir de 2019 (M57 Ville-département),Administration et Finances Publiques,"budget,compte administratif,DFA",Direction des Finances et des Achats - Ville de Paris,,,Open Database License (ODbL),2025-08-26,25629,"Le Compte Administratif présente les résultats de l’exécution du budget. Il retrace donc : 1) Les inscriptions ou les crédits ouverts se rapportant à chaque chapitre et à chaque compte du budgétaire du budget. 2) Les réalisations constituées par le total des émissions et annulations de titres de recettes ou de mandats correspondant à la subdivision intéressée du budget. et donc les montants consommés (en dépenses) ou les montants recouvrés (en recettes). Le jeu de données contient, par budget (municipal ou départemental), pour un exercice donné, tous les montants consommés par section budgétai"
immobilisations-etat-des-amortissements,Immobilisations - Etat des Amortissements,Administration et Finances Publiques,"immobilisation,DFA",Direction des Finances et des Achats - Ville de Paris,,,Open Database License (ODbL),2025-08-25,92463,"L’état des amortissements présente l’ensemble des biens acquis sur les comptes déclarés amortissables pour lesquels un amortissement est en cours. Il retrace donc : - Les biens acquis par compte amortissable (durée d’amortissement prévue par les nomenclatures et par délibération). - Le jeu de données contient pour chaque fiche d’immobilisation relative à un bien la date et la valeur d’acquisition, la durée d’amortissement, le cumul des amortissements antérieurs, l’amortissement de l’exercice ainsi que la valeur nette comptable en fin d’exercice (VNC). Nom de la colonne Descriptions Publication"
dechets-menagers-points-dapport-volontaire-colonnes-a-verre,Déchets ménagers -points-d'apport-volontaire Colonnes à verre,Environnement,"Ordures ménagères,Point de collecte,Tri,Equipements,DPE",Direction de la Propreté et de l'Eau - Ville de Paris,,,Licence Ouverte (Etalab),2025-08-06,966,"Localisation des points de collecte en apport volontaire destinés au verre. Comme le bac blanc les colonnes à verre servent à collecter les emballages en verre afin qu'ils soient recyclés. Il y a aujourd'hui plus d'un millier de colonnes à verre installées sur la voie publique, en surface, et 70 colonnes à verre enterrées. On peut y déposer les mêmes déchets que dans le bac blanc (emballages en verre : pots, bouteilles et bocaux. Une attention particulière a été portée à leur dispositif d’insonorisation. Par ailleurs, la plupart des colonnes à verre sont dotées d'ouvertures surbaissées, afin d"
logements-sociaux-finances-a-paris,Programmes de logements sociaux financés à Paris,Urbanisme et Logements,"logements sociaux,logement,social,Financement,DLH",Direction du Logement et de l'Habitat - Ville de Paris,,ANNUAL,Open Database License (ODbL),2025-07-31,4174,"Inventaire des logements sociaux financés à Paris , par arrondissement, par année, par maître d’ouvrage, par nombre de logements, par nature de programme, par catégorie de financement et par mode de réalisation. Informations complémentaires : Les logements sociaux se différencient notamment par: &gt; Catégorie de financement : - Les logements PLA I (Prêt locatif aidé d’intégration) sont des logements très sociaux pour les personnes ayant des difficultés particulières d’accès au logement. Ils comprennent notamment des logements d’insertion gérés par des associations pour l’hébergement des perso"
participation-citoyenne-consultations-numeriques-2024,Participation citoyenne - Consultations numériques 2024,Citoyenneté,"démocratie participative,consultation,concertation","DDCT - Direction de la Démocratie, des Citoyen.ne.s et des Territoires",,,Licence Ouverte (Etalab),2025-07-22,0,"Budget Participatif, consultations, conférences citoyennes sur les projets stratégiques de la municipalité, instances de participation citoyenne… À Paris, les habitantes et habitants peuvent prendre part à de nombreuses initiatives pour co-construire la politique publique. Vous trouverez ici les exports des contributions aux consultations publiques réalisées en 2024 sur la plateforme decider.paris : - Refonte de la stratégie de résilience - Questionnaire - 27 novembre 2023 au 28 janvier 2025 - Révision du Plan Biodiversité : donnez vos idées ! - Questionnaire - 6 septembre 2023 au 31 janvier 2"
liste-des-stations-de-services-de-vehicules,Stations Mobilib',Mobilité et Espace Public,"voiture,stationnement,Autopartage,DVD",Direction de la Voirie et des Déplacements - Ville de Paris,,,Open Database License (ODbL),2025-07-22,185,"Stations Mobilib' Ce jeu de données reprend la localisation des stations Mobilib', le dispositif d'autopartage en boucle de la Ville de Paris. Date de mise à jour : Juillet 2025 Fréquence de mise à jour : Annuelle Lien pour plus d'information : Plus d'informations"
deliberation-emploi,Délibération Emploi,Administration et Finances Publiques,"personnel,ressources humaines,emploi,DRH",Direction des Ressources Humaines - Ville de Paris,,,Open Database License (ODbL),2025-07-03,20888,"Joints aux délibérations du budget emplois (consultables sur intranet Paris.fr sous leurs identifiants : 2014 DFA-DRH 27 des 15 et 16 décembre 2014 pour le budget communal et 2014 DFA-DRH 13 G des 15 et 16 décembre 2014 pour le budget départemental), les tableaux annexes sont présentés par fonction depuis 2015. Cette présentation est conforme aux nomenclatures comptables M14 pour le budget municipal et M52 pour le budget départemental, utilisées par les collectivités territoriales. La nomenclature fonctionnelle est un instrument d’information destiné à regrouper les mouvements d’emplois par ac"
panneaux_d_affichage_associatifs,Panneaux d'affichages associatifs et d'opinion,Citoyenneté,"association,communication,affichage,tracts,affiches,information,DDCT","Direction de la Démocratie, des Citoyen.ne.s et des Territoires - Ville de Paris",,,Open Database License (ODbL),2025-06-26,313,"Liste des panneaux d'affichage associatifs et d'opinion par arrondissement, comportant la géolocalisation et le format du panneau"
logement-encadrement-des-loyers,Logement - Encadrement des loyers,Urbanisme et Logements,"logement,loyers,loyer de référence,DLH",Direction du Logement et de l'Habitat - Ville de Paris,,,Open Database License (ODbL),2025-06-17,17920,"Ce jeu de données présente les loyers de référence par quartier, depuis la mise en place de l'encadrement des loyers en 2019. Il est mis à jour chaque année le 1er juillet et l'historique des années précédentes est conservé . Cartographie des quartiers de localisation des immeubles, classés par secteurs géographiques et typologie de logement (Nombre de pièces, époque de construction, type de location (meublées, non meublées)), précisant les loyers de référence, les loyers de référence majorés et les loyers de référence minorés, exprimés en euros par mètre carré de surface habitable, sur l’inté"
plu-annexes-biens-inscrits-au-patrimoine-mondial,PLU - Annexes - Biens inscrits au patrimoine mondial,Urbanisme et Logements,"PLU,DU",Direction de l'Urbanisme - Ville de Paris,,,Open Database License (ODbL),2025-06-11,7,"Biens inscrits au patrimoine mondial par l'UNESCO Informations annexées au PLU de Paris Version à jour (Session du comité du patrimoine mondial du 21 au 31 juillet 2024). Documentation complète : cf. ANX_PAT_UNESCO.PDF en pièce jointe Données disponibles pour information et sans valeur réglementaire. Pour accéder au PLU officiel (en PDF), consulter le Portail des Règles d'Urbanisme de Paris Pour accéder aux autres données du PLU disponibles sur l'Opendata, consulter cette page Les documents et données du PLU sont également téléchargeables sur le Géoportail National de l'Urbanisme"
zonagesreglementaires_l,Zonages réglementaires du changement d'usage (linéaire),"Equipements, Services, Social",activité commerciale,Direction du Logement et de l'Habitat - Ville de Paris,,,Open Database License (ODbL),2025-06-11,1,"Zonages règlementaires du changement d'usage (linéaire) À Paris, les logements font l’objet de mesures de protection particulières afin de répondre à la nécessité de ne pas aggraver le manque de logements, en prenant en compte les objectifs de mixité sociale et d’équilibre entre habitat et emploi, dans les différents quartiers parisiens. Seuls les locaux à usage d’habitation sont concernés. Ce jeu de données est utilisé dans la carte ""Zonages réglementaires"" sur Paris.fr : https://www.paris.fr/pages/exercer-une-activite-dans-un-logement-172"
plu-annexes-secteurs-patrimoniaux-remarquables,PLU - Annexes - Secteurs Patrimoniaux Remarquables,Urbanisme et Logements,"PLU,DU",Direction de l'Urbanisme - Ville de Paris,,,Open Database License (ODbL),2025-06-11,2,"Secteurs Patrimoniaux Remarquables (SPR) Informations annexées au PLU de Paris Version du PLU arrêtée le 24 novembre 2022, applicable à partir du 13 décembre 2022. Documentation complète : cf. PLU_ANX_SPR.PDF en pièce jointe Données disponibles pour information et sans valeur réglementaire. Pour accéder au PLU officiel (en PDF), consulter le Portail des Règles d'Urbanisme de Paris Pour accéder aux autres données du PLU disponibles sur l'Opendata, consulter cette page Les documents et données du PLU sont également téléchargeables sur le Géoportail National de l'Urbanisme"
zonagesreglementaires_p,Zonages réglementaires du changement d'usage (surfacique),"Equipements, Services, Social",activité commerciale,Direction du Logement et de l'Habitat - Ville de Paris,,,Open Database License (ODbL),2025-06-11,4,"Zonages règlementaires du changement d'usage (surfacique) À Paris, les logements font l’objet de mesures de protection particulières afin de répondre à la nécessité de ne pas aggraver le manque de logements, en prenant en compte les objectifs de mixité sociale et d’équilibre entre habitat et emploi, dans les différents quartiers parisiens. Seuls les locaux à usage d’habitation sont concernés. Ce jeu de données est utilisé dans la carte ""Zonages réglementaires"" sur Paris.fr : https://www.paris.fr/pages/exercer-une-activite-dans-un-logement-172"
plub_ceinture_lim,PLU bioclimatique - Ceinture verte et sportive - Limite,Urbanisme et Logements,"PLU,DU",Direction de l'Urbanisme - Ville de Paris,,,Open Database License (ODbL),2025-06-05,2,"Plan Local d'Urbanisme Bioclimatique de Paris - Ceinture verte et sportive - Limite Version du PLU votée par le Conseil de Paris le 20 novembre 2024. Documentation complète : cf. ""Ceinture verte et sportive - Limite.pdf"" en pièce jointe. Données disponibles pour information et sans valeur réglementaire. Pour accéder au PLU officiel, consulter le Portail des Règles d'Urbanisme de Paris. Pour accéder aux autres données du PLU disponibles sur l'Opendata, consulter cette page . Les documents et données du PLU sont également téléchargeables sur le Géoportail National de l'Urbanisme ."
plub_carriere,PLU bioclimatique - Secteurs de risque - Carrières,Urbanisme et Logements,"PLU,DU",Direction de l'Urbanisme - Ville de Paris,,,Open Database License (ODbL),2025-06-05,23,"Plan Local d'Urbanisme Bioclimatique de Paris - Secteurs de risque - Carrières Version du PLU votée par le Conseil de Paris le 20 novembre 2024. Documentation complète : cf. ""Secteurs de risque - Carrières.pdf"" en pièce jointe. Données disponibles pour information et sans valeur réglementaire. Pour accéder au PLU officiel, consulter le Portail des Règles d'Urbanisme de Paris. Pour accéder aux autres données du PLU disponibles sur l'Opendata, consulter cette page . Les documents et données du PLU sont également téléchargeables sur le Géoportail National de l'Urbanisme ."
plub_gdmag,PLU bioclimatique - Sites de protection des grands magasins,Urbanisme et Logements,"PLU,DU",Direction de l'Urbanisme - Ville de Paris,,,Open Database License (ODbL),2025-06-05,11,"Plan Local d'Urbanisme Bioclimatique de Paris - Sites de protection des grands magasins Version du PLU votée par le Conseil de Paris le 20 novembre 2024. Documentation complète : cf. ""Site de protection des grands magasins.pdf"" en pièce jointe. Données disponibles pour information et sans valeur réglementaire. Pour accéder au PLU officiel, consulter le Portail des Règles d'Urbanisme de Paris. Pour accéder aux autres données du PLU disponibles sur l'Opendata, consulter cette page . Les documents et données du PLU sont également téléchargeables sur le Géoportail National de l'Urbanisme ."
plub_pag,PLU bioclimatique - Projets d'aménagement global,Urbanisme et Logements,"PLU,DU",Direction de l'Urbanisme - Ville de Paris,,,Open Database License (ODbL),2025-06-05,5,"Plan Local d'Urbanisme Bioclimatique de Paris - Projets d'aménagement global Version du PLU votée par le Conseil de Paris le 20 novembre 2024. Documentation complète : cf. ""Projet d aménagement global.pdf"" en pièce jointe. Données disponibles pour information et sans valeur réglementaire. Pour accéder au PLU officiel, consulter le Portail des Règles d'Urbanisme de Paris. Pour accéder aux autres données du PLU disponibles sur l'Opendata, consulter cette page . Les documents et données du PLU sont également téléchargeables sur le Géoportail National de l'Urbanisme ."
plub_pprizone,PLU bioclimatique - Secteurs de risque - Inondations,Urbanisme et Logements,"PLU,DU",Direction de l'Urbanisme - Ville de Paris,,,Open Database License (ODbL),2025-06-05,1653,"Plan Local d'Urbanisme Bioclimatique de Paris - Secteurs de risque - Inondations Version du PLU votée par le Conseil de Paris le 20 novembre 2024. Documentation complète : cf. ""Secteurs de risque - Inondations.pdf"" en pièce jointe. Données disponibles pour information et sans valeur réglementaire. Visualisation des données : Voir cette carte Pour accéder au PLU officiel, consulter le Portail des Règles d'Urbanisme de Paris. Pour accéder aux autres données du PLU disponibles sur l'Opendata, consulter cette page . Les documents et données du PLU sont également téléchargeables sur le Géoportail N"
plub_pepent,"PLU bioclimatique - Sites de protection des incubateurs, pépinières d'entreprises et hôtels d'activités",Urbanisme et Logements,"PLU,DU",Direction de l'Urbanisme - Ville de Paris,,,Open Database License (ODbL),2025-06-05,49,"Plan Local d'Urbanisme Bioclimatique de Paris - Sites de protection des incubateurs, pépinières d'entreprises et hôtels d'activités Version du PLU votée par le Conseil de Paris le 20 novembre 2024. Documentation complète : cf. ""Site de protection des incubateurs, pépinières d entreprises et hôtels d activités.pdf"" en pièce jointe. Données disponibles pour information et sans valeur réglementaire. Pour accéder au PLU officiel, consulter le Portail des Règles d'Urbanisme de Paris. Pour accéder aux autres données du PLU disponibles sur l'Opendata, consulter cette page . Les documents et données d"
plub_jpp,PLU bioclimatique - Jardins partagés protégés - Emprises,Urbanisme et Logements,"PLU,DU",Direction de l'Urbanisme - Ville de Paris,,,Open Database License (ODbL),2025-06-05,16,"Plan Local d'Urbanisme Bioclimatique de Paris - Jardins partagés protégés - Emprises Version du PLU votée par le Conseil de Paris le 20 novembre 2024. Documentation complète : cf. ""Jardin partagé protégé - Emprise.pdf"" en pièce jointe. Données disponibles pour information et sans valeur réglementaire. Pour accéder au PLU officiel, consulter le Portail des Règles d'Urbanisme de Paris. Pour accéder aux autres données du PLU disponibles sur l'Opendata, consulter cette page . Les documents et données du PLU sont également téléchargeables sur le Géoportail National de l'Urbanisme ."
plub_pftransi,PLU bioclimatique - Plate-formes de transit,Urbanisme et Logements,"PLU,DU",Direction de l'Urbanisme - Ville de Paris,,,Open Database License (ODbL),2025-06-05,14,"Plan Local d'Urbanisme Bioclimatique de Paris - Plate-formes de transit Version du PLU votée par le Conseil de Paris le 20 novembre 2024. Documentation complète : cf. ""Plate-forme de transit.pdf"" en pièce jointe. Données disponibles pour information et sans valeur réglementaire. Pour accéder au PLU officiel, consulter le Portail des Règles d'Urbanisme de Paris. Pour accéder aux autres données du PLU disponibles sur l'Opendata, consulter cette page . Les documents et données du PLU sont également téléchargeables sur le Géoportail National de l'Urbanisme ."
plub_ess,PLU bioclimatique - Sites de protection des activités relevant de l'économie sociale et solidaire,Urbanisme et Logements,"PLU,DU",Direction de l'Urbanisme - Ville de Paris,,,Open Database License (ODbL),2025-06-05,47,"Plan Local d'Urbanisme Bioclimatique de Paris - Sites de protection des activités relevant de l'économie sociale et solidaire Version du PLU votée par le Conseil de Paris le 20 novembre 2024. Documentation complète : cf. ""Site de protection des activités relevant de l économie sociale et solidaire.pdf"" en pièce jointe. Données disponibles pour information et sans valeur réglementaire. Pour accéder au PLU officiel, consulter le Portail des Règles d'Urbanisme de Paris. Pour accéder aux autres données du PLU disponibles sur l'Opendata, consulter cette page . Les documents et données du PLU sont é"
plub_agri,PLU bioclimatique - Sites de protection de l'agriculture urbaine,Urbanisme et Logements,"PLU,DU",Direction de l'Urbanisme - Ville de Paris,,,Open Database License (ODbL),2025-06-05,23,"Plan Local d'Urbanisme Bioclimatique de Paris - Sites de protection de l’agriculture urbaine Version du PLU votée par le Conseil de Paris le 20 novembre 2024. Documentation complète : cf. ""Site de protection de l agriculture urbaine.pdf"" en pièce jointe. Données disponibles pour information et sans valeur réglementaire. Pour accéder au PLU officiel, consulter le Portail des Règles d'Urbanisme de Paris. Pour accéder aux autres données du PLU disponibles sur l'Opendata, consulter cette page . Les documents et données du PLU sont également téléchargeables sur le Géoportail National de l'Urbanisme"
plub_ebc,PLU bioclimatique - Espaces Boisés Classés,Urbanisme et Logements,"PLU,DU",Direction de l'Urbanisme - Ville de Paris,,,Open Database License (ODbL),2025-06-05,264,"Plan Local d'Urbanisme Bioclimatique de Paris - Espaces Boisés Classés Version du PLU votée par le Conseil de Paris le 20 novembre 2024. Documentation complète : cf. ""Espace boisé classé.pdf"" en pièce jointe. Données disponibles pour information et sans valeur réglementaire. Pour accéder au PLU officiel, consulter le Portail des Règles d'Urbanisme de Paris. Pour accéder aux autres données du PLU disponibles sur l'Opendata, consulter cette page . Les documents et données du PLU sont également téléchargeables sur le Géoportail National de l'Urbanisme ."
plub_res_voie,PLU bioclimatique - Emplacements réservés pour voie,Urbanisme et Logements,"PLU,DU",Direction de l'Urbanisme - Ville de Paris,,,Open Database License (ODbL),2025-06-05,20,"Plan Local d'Urbanisme Bioclimatique de Paris - Emplacements réservés pour voie Version du PLU votée par le Conseil de Paris le 20 novembre 2024. Documentation complète : cf. ""Emplacement réservé pour voie.pdf"" en pièce jointe. Données disponibles pour information et sans valeur réglementaire. Pour accéder au PLU officiel, consulter le Portail des Règles d'Urbanisme de Paris. Pour accéder aux autres données du PLU disponibles sur l'Opendata, consulter cette page . Les documents et données du PLU sont également téléchargeables sur le Géoportail National de l'Urbanisme ."
plub_hauteur,PLU bioclimatique - Plafonds des hauteurs,Urbanisme et Logements,"PLU,DU",Direction de l'Urbanisme - Ville de Paris,,,Open Database License (ODbL),2025-06-05,116,"Plan Local d'Urbanisme Bioclimatique de Paris - Plafonds des hauteurs Version du PLU votée par le Conseil de Paris le 20 novembre 2024. Documentation complète : cf. ""Plafond des hauteurs.pdf"" en pièce jointe. Données disponibles pour information et sans valeur réglementaire. Visualisation des données : Voir cette carte Pour accéder au PLU officiel, consulter le Portail des Règles d'Urbanisme de Paris. Pour accéder aux autres données du PLU disponibles sur l'Opendata, consulter cette page . Les documents et données du PLU sont également téléchargeables sur le Géoportail National de l'Urbanisme "
plub_sdh,PLU bioclimatique - Secteur de développement de l'habitation,Urbanisme et Logements,"PLU,DU",Direction de l'Urbanisme - Ville de Paris,,,Open Database License (ODbL),2025-06-05,31,"Plan Local d'Urbanisme Bioclimatique de Paris - Secteur de développement de l'habitation Version du PLU votée par le Conseil de Paris le 20 novembre 2024. Documentation complète : cf. ""Secteur de développement de l habitation.pdf"" en pièce jointe. Données disponibles pour information et sans valeur réglementaire. Pour accéder au PLU officiel, consulter le Portail des Règles d'Urbanisme de Paris. Pour accéder aux autres données du PLU disponibles sur l'Opendata, consulter cette page . Les documents et données du PLU sont également téléchargeables sur le Géoportail National de l'Urbanisme ."
plub_pai,PLU bioclimatique - Sites de protection des activités productives urbaines,Urbanisme et Logements,"PLU,DU",Direction de l'Urbanisme - Ville de Paris,,,Open Database License (ODbL),2025-06-05,121,"Plan Local d'Urbanisme Bioclimatique de Paris - Sites de protection des activités productives urbaines Version du PLU votée par le Conseil de Paris le 20 novembre 2024. Documentation complète : cf. ""Site de protection des activités productives urbaines.pdf"" en pièce jointe. Données disponibles pour information et sans valeur réglementaire. Pour accéder au PLU officiel, consulter le Portail des Règles d'Urbanisme de Paris. Pour accéder aux autres données du PLU disponibles sur l'Opendata, consulter cette page . Les documents et données du PLU sont également téléchargeables sur le Géoportail Nat"
plub_protcom,PLU bioclimatique - Protections du commerce et de l'artisanat,Urbanisme et Logements,"PLU,DU",Direction de l'Urbanisme - Ville de Paris,,,Open Database License (ODbL),2025-06-05,5107,"Plan Local d'Urbanisme Bioclimatique de Paris - Protections du commerce et de l'artisanat Version du PLU votée par le Conseil de Paris le 20 novembre 2024. Documentation complète : cf. ""Protection du commerce et de l artisanat.pdf"" en pièce jointe. Données disponibles pour information et sans valeur réglementaire. Pour accéder au PLU officiel, consulter le Portail des Règles d'Urbanisme de Paris. Pour accéder aux autres données du PLU disponibles sur l'Opendata, consulter cette page . Les documents et données du PLU sont également téléchargeables sur le Géoportail National de l'Urbanisme ."
plub_senat,PLU bioclimatique - Territoire du Sénat,Urbanisme et Logements,"PLU,DU",Direction de l'Urbanisme - Ville de Paris,,,Open Database License (ODbL),2025-06-05,1,"Plan Local d'Urbanisme Bioclimatique de Paris - Territoire du Sénat Version du PLU votée par le Conseil de Paris le 20 novembre 2024. Documentation complète : cf. ""Territoire du Sénat.pdf"" en pièce jointe. Données disponibles pour information et sans valeur réglementaire. Pour accéder au PLU officiel, consulter le Portail des Règles d'Urbanisme de Paris. Pour accéder aux autres données du PLU disponibles sur l'Opendata, consulter cette page . Les documents et données du PLU sont également téléchargeables sur le Géoportail National de l'Urbanisme ."
plub_ecm_limite,PLU bioclimatique - Emprises constructibles maximales - Limites,Urbanisme et Logements,"PLU,DU",Direction de l'Urbanisme - Ville de Paris,,,Open Database License (ODbL),2025-06-05,623,"Plan Local d'Urbanisme Bioclimatique de Paris - Emprises constructibles maximales - Limite Version du PLU votée par le Conseil de Paris le 20 novembre 2024. Documentation complète : cf. ""Emprise constructible maximale - Limite.pdf"" en pièce jointe. Données disponibles pour information et sans valeur réglementaire. Pour accéder au PLU officiel, consulter le Portail des Règles d'Urbanisme de Paris. Pour accéder aux autres données du PLU disponibles sur l'Opendata, consulter cette page . Les documents et données du PLU sont également téléchargeables sur le Géoportail National de l'Urbanisme ."
plub_vec,PLU bioclimatique - Volumétries existantes à conserver,Urbanisme et Logements,"PLU,DU",Direction de l'Urbanisme - Ville de Paris,,,Open Database License (ODbL),2025-06-05,1179,"Plan Local d'Urbanisme Bioclimatique de Paris - Volumétries existantes à conserver Version du PLU votée par le Conseil de Paris le 20 novembre 2024. Documentation complète : cf. ""Volumétrie existante à conserver.pdf"" en pièce jointe. Données disponibles pour information et sans valeur réglementaire. Pour accéder au PLU officiel, consulter le Portail des Règles d'Urbanisme de Paris. Pour accéder aux autres données du PLU disponibles sur l'Opendata, consulter cette page . Les documents et données du PLU sont également téléchargeables sur le Géoportail National de l'Urbanisme ."
plub_evp,PLU bioclimatique - Espaces verts protégés,Urbanisme et Logements,"PLU,DU",Direction de l'Urbanisme - Ville de Paris,,,Open Database License (ODbL),2025-06-05,3038,"Plan Local d'Urbanisme Bioclimatique de Paris - Espaces verts protégés Version du PLU votée par le Conseil de Paris le 20 novembre 2024. Documentation complète : cf. ""Espace vert protégé.pdf"" en pièce jointe. Données disponibles pour information et sans valeur réglementaire. Pour accéder au PLU officiel, consulter le Portail des Règles d'Urbanisme de Paris. Pour accéder aux autres données du PLU disponibles sur l'Opendata, consulter cette page . Les documents et données du PLU sont également téléchargeables sur le Géoportail National de l'Urbanisme ."
plub_ecm,PLU bioclimatique - Emprises constructibles maximales,Urbanisme et Logements,"PLU,DU",Direction de l'Urbanisme - Ville de Paris,,,Open Database License (ODbL),2025-06-05,4092,"Plan Local d'Urbanisme Bioclimatique de Paris - Emprises constructibles maximales Version du PLU votée par le Conseil de Paris le 20 novembre 2024. Documentation complète : cf. ""Emprise constructible maximale.pdf"" en pièce jointe. Données disponibles pour information et sans valeur réglementaire. Pour accéder au PLU officiel, consulter le Portail des Règles d'Urbanisme de Paris. Pour accéder aux autres données du PLU disponibles sur l'Opendata, consulter cette page . Les documents et données du PLU sont également téléchargeables sur le Géoportail National de l'Urbanisme ."
plub_limstat,PLU bioclimatique - Limitations des parcs de stationnement,Urbanisme et Logements,"PLU,DU",Direction de l'Urbanisme - Ville de Paris,,,Open Database License (ODbL),2025-06-05,1387,"Plan Local d'Urbanisme Bioclimatique de Paris - Limitations des parcs de stationnement Version du PLU votée par le Conseil de Paris le 20 novembre 2024. Documentation complète : cf. ""Limitation des parcs de stationnement.pdf"" en pièce jointe. Données disponibles pour information et sans valeur réglementaire. Pour accéder au PLU officiel, consulter le Portail des Règles d'Urbanisme de Paris. Pour accéder aux autres données du PLU disponibles sur l'Opendata, consulter cette page . Les documents et données du PLU sont également téléchargeables sur le Géoportail National de l'Urbanisme ."
plub_voiebois,PLU bioclimatique - Voies en zone naturelle,Urbanisme et Logements,"PLU,DU",Direction de l'Urbanisme - Ville de Paris,,,Open Database License (ODbL),2025-06-05,260,"Plan Local d'Urbanisme Bioclimatique de Paris - Voies en zone naturelle Version du PLU votée par le Conseil de Paris le 20 novembre 2024. Documentation complète : cf. ""Voie en zone naturelle.pdf"" en pièce jointe. Données disponibles pour information et sans valeur réglementaire. Pour accéder au PLU officiel, consulter le Portail des Règles d'Urbanisme de Paris. Pour accéder aux autres données du PLU disponibles sur l'Opendata, consulter cette page . Les documents et données du PLU sont également téléchargeables sur le Géoportail National de l'Urbanisme ."
plub_ceinture,PLU bioclimatique - Ceinture verte et sportive - Emprise,Urbanisme et Logements,"PLU,DU",Direction de l'Urbanisme - Ville de Paris,,,Open Database License (ODbL),2025-06-05,1,"Plan Local d'Urbanisme Bioclimatique de Paris - Ceinture verte et sportive - Emprise Version du PLU votée par le Conseil de Paris le 20 novembre 2024. Documentation complète : cf. ""Ceinture verte et sportive - Emprise.pdf"" en pièce jointe. Données disponibles pour information et sans valeur réglementaire. Pour accéder au PLU officiel, consulter le Portail des Règles d'Urbanisme de Paris. Pour accéder aux autres données du PLU disponibles sur l'Opendata, consulter cette page . Les documents et données du PLU sont également téléchargeables sur le Géoportail National de l'Urbanisme ."
plub_oap_perim,PLU bioclimatique - OAP - Périmètres,Urbanisme et Logements,"PLU,DU",Direction de l'Urbanisme - Ville de Paris,,,Open Database License (ODbL),2025-06-05,13,"Plan Local d'Urbanisme Bioclimatique de Paris - OAP - Périmètres Version du PLU votée par le Conseil de Paris le 20 novembre 2024. Documentation complète : cf. ""OAP - Périmètres.pdf"" en pièce jointe. Données disponibles pour information et sans valeur réglementaire. Pour accéder au PLU officiel, consulter le Portail des Règles d'Urbanisme de Paris. Pour accéder aux autres données du PLU disponibles sur l'Opendata, consulter cette page . Les documents et données du PLU sont également téléchargeables sur le Géoportail National de l'Urbanisme ."
plub_jpp_picto,PLU bioclimatique - Jardins partagés protégés - Pictos,Urbanisme et Logements,"PLU,DU",Direction de l'Urbanisme - Ville de Paris,,,Open Database License (ODbL),2025-06-05,16,"Plan Local d'Urbanisme Bioclimatique de Paris - Jardins partagés protégés - Pictos Version du PLU votée par le Conseil de Paris le 20 novembre 2024. Documentation complète : cf. ""Jardin partagé protégé - Picto.pdf"" en pièce jointe. Données disponibles pour information et sans valeur réglementaire. Pour accéder au PLU officiel, consulter le Portail des Règles d'Urbanisme de Paris. Pour accéder aux autres données du PLU disponibles sur l'Opendata, consulter cette page . Les documents et données du PLU sont également téléchargeables sur le Géoportail National de l'Urbanisme ."
plub_gypse,PLU bioclimatique - Secteurs de risque - Gypse,Urbanisme et Logements,"PLU,DU",Direction de l'Urbanisme - Ville de Paris,,,Open Database License (ODbL),2025-06-05,11,"Plan Local d'Urbanisme Bioclimatique de Paris - Secteurs de risque - Gypse Version du PLU votée par le Conseil de Paris le 20 novembre 2024. Documentation complète : cf. ""Secteurs de risque - Gypse.pdf"" en pièce jointe. Données disponibles pour information et sans valeur réglementaire. Pour accéder au PLU officiel, consulter le Portail des Règles d'Urbanisme de Paris. Pour accéder aux autres données du PLU disponibles sur l'Opendata, consulter cette page . Les documents et données du PLU sont également téléchargeables sur le Géoportail National de l'Urbanisme ."
plub_ecbbv,PLU bioclimatique - Emprises de construction basse en bordure de voie,Urbanisme et Logements,"PLU,DU",Direction de l'Urbanisme - Ville de Paris,,,Open Database License (ODbL),2025-06-05,64,"Plan Local d'Urbanisme Bioclimatique de Paris - Emprises de construction basse en bordure de voie Version du PLU votée par le Conseil de Paris le 20 novembre 2024. Documentation complète : cf. ""Emprise de construction basse en bordure de voie.pdf"" en pièce jointe. Données disponibles pour information et sans valeur réglementaire. Pour accéder au PLU officiel, consulter le Portail des Règles d'Urbanisme de Paris. Pour accéder aux autres données du PLU disponibles sur l'Opendata, consulter cette page . Les documents et données du PLU sont également téléchargeables sur le Géoportail National de l"
plub_isri,PLU bioclimatique - Implantation sans retrait imposé,Urbanisme et Logements,"PLU,DU",Direction de l'Urbanisme - Ville de Paris,,,Open Database License (ODbL),2025-06-05,18,"Plan Local d'Urbanisme Bioclimatique de Paris - Implantation sans retrait imposé Version du PLU votée par le Conseil de Paris le 20 novembre 2024. Documentation complète : cf. ""Implantation sans retrait imposé.pdf"" en pièce jointe. Données disponibles pour information et sans valeur réglementaire. Pour accéder au PLU officiel, consulter le Portail des Règles d'Urbanisme de Paris. Pour accéder aux autres données du PLU disponibles sur l'Opendata, consulter cette page . Les documents et données du PLU sont également téléchargeables sur le Géoportail National de l'Urbanisme ."
plub_arbre,PLU bioclimatique - Arbres remarquables protégés,Urbanisme et Logements,"PLU,DU",Direction de l'Urbanisme - Ville de Paris,,,Open Database License (ODbL),2025-06-05,266,"Plan Local d'Urbanisme Bioclimatique de Paris - Arbres remarquables protégés Version du PLU votée par le Conseil de Paris le 20 novembre 2024. Documentation complète : cf. ""Arbre remarquable protégé.pdf"" en pièce jointe. Données disponibles pour information et sans valeur réglementaire. Pour accéder au PLU officiel, consulter le Portail des Règles d'Urbanisme de Paris. Pour accéder aux autres données du PLU disponibles sur l'Opendata, consulter cette page . Les documents et données du PLU sont également téléchargeables sur le Géoportail National de l'Urbanisme ."
plub_hebtour_lim,PLU bioclimatique - Secteur d'encadrement des hébergements touristiques - Limite,Urbanisme et Logements,"PLU,DU",Direction de l'Urbanisme - Ville de Paris,,,Open Database License (ODbL),2025-06-05,1,"Plan Local d'Urbanisme Bioclimatique de Paris - Secteur d'encadrement des hébergements touristiques - Limite Version du PLU votée par le Conseil de Paris le 20 novembre 2024. Documentation complète : cf. ""Secteur d’encadrement des hébergements touristiques - Limite.pdf"" en pièce jointe. Données disponibles pour information et sans valeur réglementaire. Pour accéder au PLU officiel, consulter le Portail des Règles d'Urbanisme de Paris. Pour accéder aux autres données du PLU disponibles sur l'Opendata, consulter cette page . Les documents et données du PLU sont également téléchargeables sur le G"
plub_lpcppc,PLU bioclimatique - Liaisons piétonnières - Passages sous porche - Voies à créer,Urbanisme et Logements,"PLU,DU",Direction de l'Urbanisme - Ville de Paris,,,Open Database License (ODbL),2025-06-05,390,"Plan Local d'Urbanisme Bioclimatique de Paris - Liaisons piétonnières - Passages sous porche - Voies à créer Version du PLU votée par le Conseil de Paris le 20 novembre 2024. Documentation complète : cf. ""Liaison piétonnière - Passage sous porche - Voie à créer.pdf"" en pièce jointe. Données disponibles pour information et sans valeur réglementaire. Pour accéder au PLU officiel, consulter le Portail des Règles d'Urbanisme de Paris. Pour accéder aux autres données du PLU disponibles sur l'Opendata, consulter cette page . Les documents et données du PLU sont également téléchargeables sur le Géopo"
plub_hebtour,PLU bioclimatique - Secteur d'encadrement des hébergements touristiques - Emprise,Urbanisme et Logements,"PLU,DU",Direction de l'Urbanisme - Ville de Paris,,,Open Database License (ODbL),2025-06-05,12,"Plan Local d'Urbanisme Bioclimatique de Paris - Secteur d'encadrement des hébergements touristiques - Emprise Version du PLU votée par le Conseil de Paris le 20 novembre 2024. Documentation complète : cf. ""Secteur d’encadrement des hébergements touristiques - Emprise.pdf"" en pièce jointe. Données disponibles pour information et sans valeur réglementaire. Pour accéder au PLU officiel, consulter le Portail des Règles d'Urbanisme de Paris. Pour accéder aux autres données du PLU disponibles sur l'Opendata, consulter cette page . Les documents et données du PLU sont également téléchargeables sur le"
plub_ps,PLU bioclimatique - Parcelles signalées pour leur intérêt patrimonial,Urbanisme et Logements,"PLU,DU",Direction de l'Urbanisme - Ville de Paris,,,Open Database License (ODbL),2025-06-05,5244,"Plan Local d'Urbanisme Bioclimatique de Paris - Parcelles signalées pour leur intérêt patrimonial Version du PLU votée par le Conseil de Paris le 20 novembre 2024. Documentation complète : cf. ""Parcelle signalée pour son intérêt patrimonial.pdf"" en pièce jointe. Données disponibles pour information et sans valeur réglementaire. Pour accéder au PLU officiel, consulter le Portail des Règles d'Urbanisme de Paris. Pour accéder aux autres données du PLU disponibles sur l'Opendata, consulter cette page . Les documents et données du PLU sont également téléchargeables sur le Géoportail National de l'U"
plub_batchtdest,PLU bioclimatique - Constructions où des changements de destination peuvent être autorisés,Urbanisme et Logements,"PLU,DU",Direction de l'Urbanisme - Ville de Paris,,,Open Database License (ODbL),2025-06-05,39,"Plan Local d'Urbanisme Bioclimatique de Paris - Constructions où des changements de destination peuvent être autorisés Version du PLU votée par le Conseil de Paris le 20 novembre 2024. Documentation complète : cf. ""Construction où des changements de destination peuvent être autorisés.pdf"" en pièce jointe. Données disponibles pour information et sans valeur réglementaire. Pour accéder au PLU officiel, consulter le Portail des Règles d'Urbanisme de Paris. Pour accéder aux autres données du PLU disponibles sur l'Opendata, consulter cette page . Les documents et données du PLU sont également téléc"
plub_fuseau,PLU bioclimatique - Fuseaux de protection du site de Paris,Urbanisme et Logements,"PLU,DU",Direction de l'Urbanisme - Ville de Paris,,,Open Database License (ODbL),2025-06-05,365,"Plan Local d'Urbanisme Bioclimatique de Paris - Fuseaux de protection du site de Paris Version du PLU votée par le Conseil de Paris le 20 novembre 2024. Documentation complète : cf. ""Fuseau de protection du site de Paris.pdf"" en pièce jointe. Données disponibles pour information et sans valeur réglementaire. Pour accéder au PLU officiel, consulter le Portail des Règles d'Urbanisme de Paris. Pour accéder aux autres données du PLU disponibles sur l'Opendata, consulter cette page . Les documents et données du PLU sont également téléchargeables sur le Géoportail National de l'Urbanisme ."
plub_srv_daev,PLU bioclimatique - Sous-secteur de déficit d'arbres et d'espaces végétalisés,Urbanisme et Logements,"PLU,DU",Direction de l'Urbanisme - Ville de Paris,,,Open Database License (ODbL),2025-06-05,41,"Plan Local d'Urbanisme Bioclimatique de Paris - Sous-secteur de déficit d'arbres et d'espaces végétalisés Version du PLU votée par le Conseil de Paris le 20 novembre 2024. Documentation complète : cf. ""Sous-secteur de déficit d arbres.pdf"" en pièce jointe. Données disponibles pour information et sans valeur réglementaire. Pour accéder au PLU officiel, consulter le Portail des Règles d'Urbanisme de Paris. Pour accéder aux autres données du PLU disponibles sur l'Opendata, consulter cette page . Les documents et données du PLU sont également téléchargeables sur le Géoportail National de l'Urbanis"
plub_batmodrn,PLU bioclimatique - Secteur des bâtiments et ensembles modernes,Urbanisme et Logements,"PLU,DU",Direction de l'Urbanisme - Ville de Paris,,,Open Database License (ODbL),2025-06-05,584,"Plan Local d'Urbanisme Bioclimatique de Paris - Secteur des bâtiments et ensembles modernes Version du PLU votée par le Conseil de Paris le 20 novembre 2024. Documentation complète : cf. ""Secteur des bâtiments et ensembles modernes .pdf"" en pièce jointe. Données disponibles pour information et sans valeur réglementaire. Pour accéder au PLU officiel, consulter le Portail des Règles d'Urbanisme de Paris. Pour accéder aux autres données du PLU disponibles sur l'Opendata, consulter cette page . Les documents et données du PLU sont également téléchargeables sur le Géoportail National de l'Urbanisme"
plub_stcal,PLU bioclimatique - Secteurs de taille et de capacité d'accueil limitées,Urbanisme et Logements,"PLU,DU",Direction de l'Urbanisme - Ville de Paris,,,Open Database License (ODbL),2025-06-05,152,"Plan Local d'Urbanisme Bioclimatique de Paris - Secteurs de taille et de capacité d'accueil limitées Version du PLU votée par le Conseil de Paris le 20 novembre 2024. Documentation complète : cf. ""Secteur de taille et de capacité d accueil limitées.pdf"" en pièce jointe. Données disponibles pour information et sans valeur réglementaire. Pour accéder au PLU officiel, consulter le Portail des Règles d'Urbanisme de Paris. Pour accéder aux autres données du PLU disponibles sur l'Opendata, consulter cette page . Les documents et données du PLU sont également téléchargeables sur le Géoportail Nationa"
plub_comgros,PLU bioclimatique - Secteur d'encadrement du commerce de gros,Urbanisme et Logements,"PLU,DU",Direction de l'Urbanisme - Ville de Paris,,,Open Database License (ODbL),2025-06-05,1,"Plan Local d'Urbanisme Bioclimatique de Paris - Secteur d'encadrement du commerce de gros Version du PLU votée par le Conseil de Paris le 20 novembre 2024. Documentation complète : cf. ""Secteur d encadrement du commerce de gros.pdf"" en pièce jointe. Données disponibles pour information et sans valeur réglementaire. Pour accéder au PLU officiel, consulter le Portail des Règles d'Urbanisme de Paris. Pour accéder aux autres données du PLU disponibles sur l'Opendata, consulter cette page . Les documents et données du PLU sont également téléchargeables sur le Géoportail National de l'Urbanisme ."
plub_srv_mce,PLU bioclimatique - Sous-secteur de maintien des continuités écologiques,Urbanisme et Logements,"PLU,DU",Direction de l'Urbanisme - Ville de Paris,,,Open Database License (ODbL),2025-06-05,3313,"Plan Local d'Urbanisme Bioclimatique de Paris - Sous-secteur de maintien des continuités écologiques Version du PLU votée par le Conseil de Paris le 20 novembre 2024. Documentation complète : cf. ""Sous-secteur de maintien des continuités écologiques.pdf"" en pièce jointe. Données disponibles pour information et sans valeur réglementaire. Pour accéder au PLU officiel, consulter le Portail des Règles d'Urbanisme de Paris. Pour accéder aux autres données du PLU disponibles sur l'Opendata, consulter cette page . Les documents et données du PLU sont également téléchargeables sur le Géoportail Nation"
plub_arbralign,PLU bioclimatique - Alignements d'arbres et compositions arborées protégées,Urbanisme et Logements,"PLU,DU",,,,,2025-06-05,6275,"Plan Local d'Urbanisme Bioclimatique de Paris - Alignements d'arbres et compositions arborées protégées Version du PLU votée par le Conseil de Paris le 20 novembre 2024. Documentation complète : cf. ""Alignement d arbres et composition arborée protégée.pdf"" en pièce jointe. Données disponibles pour information et sans valeur réglementaire. Pour accéder au PLU officiel, consulter le Portail des Règles d'Urbanisme de Paris. Pour accéder aux autres données du PLU disponibles sur l'Opendata, consulter cette page . Les documents et données du PLU sont également téléchargeables sur le Géoportail Nati"
telephonie-mobile-exposition-aux-champs-electromagnetiques,Téléphonie mobile - Exposition aux champs électromagnétiques,Environnement,"Téléphonie,Ondes,électromagnétique,Qualité environnementale,DTEC",Direction de la Transition Écologique et du Climat - Ville de Paris,LocalAuthority,ANNUAL,Open Database License (ODbL),2025-06-04,8,"Jeux de données portant sur la moyenne annuelle du niveau moyen d’exposition aux champs électromagnétiques de la téléphonie mobile mesuré dans des établissements particuliers et dans des lieux de vie fermés. Il est par ailleurs précisé le nombre de dépassements du seuil de la charte parisienne de téléphonie mobile dans les lieux mesurés ainsi que le nombre de mesures effectuées chaque année La charte parisienne de téléphonie mobile signée entre les 4 opérateurs (Orange, SFR, Bouygues et Free mobile) et la Ville de Paris a arrêté un seuil maximal d’exposition dans les lieux de vie fermés de 5V/"
antennes-relais,Téléphonie mobile - Implantation des antennes opérateurs,Environnement,"opérateur mobile,ondes,antenne,téléphone,4G,5G,DTEC",Direction de la Transition Écologique et du Climat - Ville de Paris,LocalAuthority,ANNUAL,Open Database License (ODbL),2025-06-04,2232,"Ce jeu de données localise les antennes relais des opérateurs de téléphonie mobile sur le territoire parisien. A partir des données fournies par les 4 opérateurs et de son Système d’Informations Géographiques (SIG), la Ville de Paris a réalisé une synthèse cartographique des sites macro cellulaires existants. La charte prévoit la mise à jour des cartes chaque année. Cartographie sur Paris.fr En savoir plus sur Paris.fr Distribution des antennes relais dans Paris en fonction des opérateurs (Bouygues Telecom, Free Mobile, Orange, SFR)."
energies-part-des-energies-renouvelables-dans-le-reseau-de-chaleur-urbain,Energies - Part des énergies renouvelables dans le réseau de chaleur urbain,Environnement,"ENR2,Energies,DTEC,OBS-TES,Climat",Direction de la Transition Écologique et du Climat - Ville de Paris,LocalAuthority,ANNUAL,Open Database License (ODbL),2025-06-04,13,"Evolution de la part globale d’énergie renouvelable dans le mix énergétique délivré par le réseau de chaleur urbain parisien, tout type d’énergie renouvelable confondu : valorisation énergétique des déchets ménagers, biomasse, géothermie, biométhane, ou encore biocombustibles. Evolution du taux d’énergies renouvelables et de récupération depuis 2012 et son objectif à 2030 de 75% inscrit au Plan Climat air énergie et Schéma directeur de la chaleur urbaine de la Ville de Paris. Source : CPCU (Compagnie parisienne de chauffage urbain) – Schéma directeur du réseau de chaleur parisien 2020-2050 - C"
plub_gpu_zone,PLU bioclimatique - Version du Geoportail de l'Urbanisme - Zonage,Urbanisme et Logements,"PLU,DU,GPU",Direction de l'Urbanisme - Ville de Paris,,,Open Database License (ODbL),2025-06-03,1037,"PLU bioclimatique - Données diffusées sur le Geoportail de l'Urbanisme de l'Etat - Zonage Version du PLU votée par le Conseil de Paris le 20 novembre 2024. Données également téléchargeables sur le le Géoportail National de l'Urbanisme . Documentation complète : cf. "" PLU_GPU_ZONAGE .PDF"" en pièce jointe. Données disponibles pour information et sans valeur réglementaire. Pour accéder au PLU officiel, consulter le Portail des Règles d'Urbanisme de Paris. Pour accéder aux autres données du PLU dans leur version disponible sur le Géoportail de l'Urbanisme, consulter cette page . Pour accéder aux a"
plub_gpu_pp,PLU bioclimatique - Version du Geoportail de l'Urbanisme - Prescriptions ponctuelles,Urbanisme et Logements,"PLU,DU,GPU",Direction de l'Urbanisme - Ville de Paris,,,Open Database License (ODbL),2025-06-03,710,"PLU bioclimatique - Données diffusées sur le Geoportail de l'Urbanisme de l'Etat - Prescriptions ponctuelles Version du PLU votée par le Conseil de Paris le 20 novembre 2024. Données également téléchargeables sur le le Géoportail National de l'Urbanisme . Documentation complète : cf. "" PLU_GPU_PRESCRIPTIONS_PONCTUELLES .PDF"" en pièce jointe. Données disponibles pour information et sans valeur réglementaire. Pour accéder au PLU officiel, consulter le Portail des Règles d'Urbanisme de Paris. Pour accéder aux autres données du PLU dans leur version disponible sur le Géoportail de l'Urbanisme, con"
plub_gpu_ps,PLU bioclimatique - Version du Geoportail de l'Urbanisme - Prescriptions surfaciques,Urbanisme et Logements,"PLU,DU,GPU",Direction de l'Urbanisme - Ville de Paris,,,Open Database License (ODbL),2025-06-03,32085,"PLU bioclimatique - Données diffusées sur le Geoportail de l'Urbanisme de l'Etat - Prescriptions surfaciques Version du PLU votée par le Conseil de Paris le 20 novembre 2024. Données également téléchargeables sur le le Géoportail National de l'Urbanisme . Documentation complète : cf. "" PLU_GPU_PRESCRIPTIONS_SURFACIQUES .PDF"" en pièce jointe. Données disponibles pour information et sans valeur réglementaire. Pour accéder au PLU officiel, consulter le Portail des Règles d'Urbanisme de Paris. Pour accéder aux autres données du PLU dans leur version disponible sur le Géoportail de l'Urbanisme, con"
plub_gpu_pl,PLU bioclimatique - Version du Geoportail de l'Urbanisme - Prescriptions linéaires,Urbanisme et Logements,"PLU,DU,GPU",Direction de l'Urbanisme - Ville de Paris,,,Open Database License (ODbL),2025-06-03,34160,"PLU bioclimatique - Données diffusées sur le Geoportail de l'Urbanisme de l'Etat - Prescriptions linéaires Version du PLU votée par le Conseil de Paris le 20 novembre 2024. Données également téléchargeables sur le le Géoportail National de l'Urbanisme . Documentation complète : cf. "" PLU_GPU_PRESCRIPTIONS_LINEAIRES .PDF"" en pièce jointe. Données disponibles pour information et sans valeur réglementaire. Pour accéder au PLU officiel, consulter le Portail des Règles d'Urbanisme de Paris. Pour accéder aux autres données du PLU dans leur version disponible sur le Géoportail de l'Urbanisme, consult"
plub_gpu_is,PLU bioclimatique - Version du Geoportail de l'Urbanisme - Périmètres pour information,Urbanisme et Logements,"PLU,DU,GPU",Direction de l'Urbanisme - Ville de Paris,,,Open Database License (ODbL),2025-06-02,4263,"PLU bioclimatique - Données diffusées sur le Geoportail de l'Urbanisme de l'Etat - Périmètres pour information Version du PLU votée par le Conseil de Paris le 20 novembre 2024. Données également téléchargeables sur le le Géoportail National de l'Urbanisme . Documentation complète : cf. ""PLU_GPU_INFORMATIONS_SURFACIQUES.PDF"" en pièce jointe. Données disponibles pour information et sans valeur réglementaire. Pour accéder au PLU officiel, consulter le Portail des Règles d'Urbanisme de Paris. Pour accéder aux autres données du PLU dans leur version disponible sur le Géoportail de l'Urbanisme, cons"
chantiers-a-paris-copie0,Historique – chantiers à Paris en 2020,Mobilité et Espace Public,"chantiers,espace public,emprises chantier,Restriction circulation,circulation,stationnement,mobilité",Direction de la Voirie et des Déplacements - Ville de Paris,,,Open Database License (ODbL),2025-05-07,22384,"Historique – chantiers à Paris en 2020 Jeu de données des chantiers en cours en 2020 , de la Ville de Paris, des opérateurs de réseaux ainsi que des chantiers privés qui occupent l'espace public parisien. Chaque enregistrement désigne une emprise de chantier. Un chantier peut contenir plusieurs emprises. L’emprise d’un chantier désigne une surface occupée temporairement par des travaux sur l’espace public. Elle correspond à l’espace déclaré par le demandeur (particulier riverain, concessionnaire de service public, maître d'œuvre ou conducteur de travaux, entreprise de BTP...) à l’occasion d’un"
budget-consacre-par-la-ville-de-paris-aux-quartiers-prioritaires,Budget consacré par la Ville de Paris aux quartiers populaires,,,"Direction de la Démocratie, des Citoyen.ne.s et des Territoires - Ville de Paris\SPV",,ANNUAL,Open Database License (ODbL),2025-04-03,41,Cet indicateur présente le montant budgétaire global annuel (cumul des montants en fonctionnement et en investissement) consacré par la Ville de Paris aux quartiers prioritaires.
votation-donnees-votation-mars2025-pour-ou-contre-vegetaliser-rues,"Votation – Votation mars 2025 - Pour ou contre végétaliser et rendre piétonnes 500 nouvelles rues dans Paris, réparties dans tous les quartiers ?",Citoyenneté,"résultats,vote,arrondissement","Direction de la Démocratie, des Citoyen.ne.s et des Territoires - Ville de Paris",,,Licence Ouverte (Etalab),2025-04-02,218,"Résultats de la votation du 23 mars 2025 - Question dite parisienne Le dimanche 23 mars 2025, la Ville de Paris a organisé une votation sur végétalisation et la piétonisation des rues de Paris. La votation s'est déroulée dans 218 bureaux de vote, répartis sur 34 sites. Ces bureaux de vote, dont le nombre a été proposé par chaque mairie d’arrondissement, ont permis de repartir la totalité des électeurs concernés. L’organisation de cette votation était placée sous le contrôle d'une commission de contrôle indépendante. Les fichiers des résultats de la votation comprennent : Nombre d’inscrits Nomb"
votation-mars-2025-donnees-questions-locales,Votation – Votation mars 2025 - Résultats - Questions locales,Citoyenneté,"résultats,vote,arrondissement,votation","Direction de la Démocratie, des Citoyen.ne.s et des Territoires - Ville de Paris",,,Licence Ouverte (Etalab),2025-04-02,0,"Résultats de la votation du 23 mars 2025 – Questions locales A l’occasion de la votation du dimanche 23 mars 2025, plusieurs mairies d’arrondissement ont, conformément au règlement de la votation, soumis une question d’intérêt local au vote des électeurs de leur arrondissement. L’organisation de cette votation était placée sous le contrôle d'une commission de contrôle indépendante. La votation s'est déroulée dans 218 bureaux de vote, répartis sur 34 sites. Les questions dites d’arrondissement posées le 23 mars 2025 étaient : Paris Centre : Pour ou contre introduire davantage de commerces de pr"
ztl,Zone à Trafic Limité (ZTL),Mobilité et Espace Public,circulation,Direction de la Voirie et des Déplacements - Ville de Paris,,,Licence Ouverte (Etalab),2025-04-01,1,"Le jeu de données représente le périmètre de la Zone à Trafic Limité (ZTL), mise en œuvre à Paris Centre à compter du 5 novembre 2024 Le périmètre correspond au secteur de Paris Centre (les 1er, 2e, 3e et 4e arrondissements) sans les Grands Boulevards au nord, les îles de la Cité et de Saint-Louis ni les quais bas et hauts rive droite dans le sens ouest-est. Seul le trafic ayant pour origine ou destination les rues de ce périmètre est autorisé. À contrario, le trafic de transit (traverser la zone) y est interdit, sauf exceptions. La Zone à Trafic Limité concerne seulement les véhicules motoris"
budget-participatif_operations-projets-gagnants-realisations-test,budget-participatif_operations-projets-gagnants-realisations-test,,,,,,,2025-03-25,5026,
chantiers-a-paris-copie1,Historique – chantiers à Paris en 2021,Mobilité et Espace Public,"chantiers,espace public,emprises chantier,Restriction circulation,circulation,stationnement,mobilité",Direction de la Voirie et des Déplacements - Ville de Paris,,,Open Database License (ODbL),2025-03-18,32201,"Historique – chantiers à Paris en 2021 Jeu de données des chantiers en cours en 2021 , de la Ville de Paris, des opérateurs de réseaux ainsi que des chantiers privés qui occupent l'espace public parisien. Chaque enregistrement désigne une emprise de chantier. Un chantier peut contenir plusieurs emprises. L’emprise d’un chantier désigne une surface occupée temporairement par des travaux sur l’espace public. Elle correspond à l’espace déclaré par le demandeur (particulier riverain, concessionnaire de service public, maître d'œuvre ou conducteur de travaux, entreprise de BTP...) à l’occasion d’un"
chantiers-a-paris-copie2,Historique – chantiers à Paris en 2022,Mobilité et Espace Public,"chantiers,espace public,emprises chantier,Restriction circulation,circulation,stationnement,mobilité",Direction de la Voirie et des Déplacements - Ville de Paris,,,Open Database License (ODbL),2025-03-18,26370,"Historique – chantiers à Paris en 2022 Jeu de données des chantiers en cours en 2022 , de la Ville de Paris, des opérateurs de réseaux ainsi que des chantiers privés qui occupent l'espace public parisien. Chaque enregistrement désigne une emprise de chantier. Un chantier peut contenir plusieurs emprises. L’emprise d’un chantier désigne une surface occupée temporairement par des travaux sur l’espace public. Elle correspond à l’espace déclaré par le demandeur (particulier riverain, concessionnaire de service public, maître d'œuvre ou conducteur de travaux, entreprise de BTP...) à l’occasion d’un"
especes-observees-2010-2024-deve,"Nombre total d'espèces observées à Paris (flore, champignons/lichens, faune)",Environnement,"espèces,nature,plantes,animaux,champignons,biodiversité",Direction des Espaces Verts et de l’Environnement – Ville de Paris,,,Licence Ouverte (Etalab),2025-03-14,6,"L’indicateur rend compte des observations sur le vivant, réalisées à Paris sur deux périodes de 10 ans : entre 2010 et 2020 et entre 2014 et 2024. Près de 3 500 espèces sauvages y ont été observées entre 2014 et 2024 : Flore : 827 espèces observées, dont 763 plantes à fleurs, 18 fougères et prêles, 1 conifère et 45 mousses et hépatiques. Champignons/lichens : 480 espèces, dont 448 champignons et 32 lichens. Faune : 2 153 espèces observées, dont 1 628 insectes et 142 oiseaux. L’Atlas de la Nature publié en 2020 recense le nombre d’espèces observées à Paris entre 2010 et 2020. Pour la flore l’ob"
zone-a-faibles-emissions,Zone à Faibles Emissions (ZFE),Mobilité et Espace Public,"ZFE,pollution,Crit'Air,MGP,DVD,Qualité de l'air",Direction de la Voirie et des Déplacements - Ville de Paris,,,Open Database License (ODbL),2025-03-14,1,"Initiée en 2015, renforcée en 2017 puis en juillet 2019, la Zone à faibles émissions parisienne franchit une nouvelle étape : le 1er janvier 2025, la restriction de circulation des véhicules Crit’Air 3 entre en vigueur sur l’ensemble du territoire parisien, y compris le boulevard périphérique et les bois de Vincennes et de Boulogne. Cette démarche s’inscrit depuis 2019 dans un cadre métropolitain : l’ensemble du périmètre délimité par l’autoroute A86 (A86 exclue) est concerné par ces mêmes restrictions de circulation. L’instauration de la Zone à faibles émissions métropolitaine a été rendue ob"
quartiers-prioritaires,Quartiers populaires,,,,,,,2025-02-15,72,Source : https://opendata.apur.org/datasets/28e1ab15be8e48d384188ec151718425_0/explore?location=48.886018%2C2.376797%2C14.28
dessinons-bartholome-brancion,Dessinons Bartholomé-Brancion - 2024,Urbanisme et Logements,"démocratie participative,consultation,15e",DD,,,Open Database License (ODbL),2025-01-22,70,"Améliorer les logements, lutter contre les ilots de chaleur, redynamiser l’économie du secteur, rénover les équipements publics… La Ville de Paris s’engage pour un projet de renouvellement urbain sur le quartier Bartholomé-Brancion (15e arrondissement). Les riveraines et riverains peuvent partager leurs idées pour améliorer leur quotidien grâce à la démarche de concertation citoyenne mise en place à cet effet depuis 2023. Vous pouvez vous exprimer et soumettre vos contributions par le biais du registre électronique ouvert dès le début de la concertation sur décider.paris . Les contributions de"
les-10-remunerations-les-plus-elevees-des-agents-publiques,Les 10 rémunérations les plus élevées des agents publics,Administration et Finances Publiques,"DRH,Rémunération,Salaire,ressources humaines",Direction des Ressources Humaines - Ville de Paris,,,Open Database License (ODbL),2025-01-21,8,"Rémunérations les plus élevées des agents de la Ville de Paris En application de l'article 37 de la loi n° 2019-828 du 6 août 2019 portant transformation de la fonction publique, la Ville de Paris publie la somme des dix rémunérations annuelles les plus élevées des agents (hors élus) de la collectivité. Plus d’information sur paris.fr Ce jeu de données est conforme aux spécifications du fichier de déclaration des dix rémunérations les plus élevées des agents publics édicté par Schema.data.gouv Au bas de cette notice, la définition du schéma de données dans l'encadré rouge NB : Pour récupérer l"
nombre-dassociations-subventionnees-par-la-ville-de-paris-copie,Nombre d’associations subventionnées par la Ville de Paris,Administration et Finances Publiques,"subventions,associations,DDCT","Direction de la Démocratie, des Citoyen.ne.s et des Territoires - Ville de Paris",,,Open Database License (ODbL),2025-01-16,7842,"Liste des subventions aux associations votées par la Ville de Paris depuis 2013 (et par le Département de Paris de 2013 à 2018, date de sa fusion avec la Ville de Paris). Sont considérées comme bénéficiaires de subvention les associations relevant de la loi du 1er juillet 1901 ayant déposé par exercice budgétaire une ou plusieurs demandes de subvention auprès de la Ville de Paris (et du Département de Paris de 2013 à 2018, date de sa fusion avec la Ville de Paris). Ne figurent pas dans la liste: les subventions à des organismes non associatifs (fondations, établissements publics, SCOP, SCIC, s"
secteurs-des-bureaux-de-vote-2025,Secteurs des bureaux de vote 2025,Citoyenneté,"bureau de vote,vote,suffrages,DDCT,élection","Direction de la Démocratie, des Citoyen.ne.s et des Territoires - Ville de Paris",,,Licence Ouverte (Etalab),2025-01-09,902,"Secteurs des bureaux de vote 2025 : Sectionnement des bureaux de vote en cours Emprises des secteurs géographiques auxquelles sont rattachés les électeurs d’un bureau de vote. Le sectionnement 2025 comprend 902 secteurs. Couche surfacique des secteurs de bureau de vote issue de SIEL (système d’information des élections) délimités par le Bureau des Élections et du Recensement de la Population de la Direction de la Démocratie, des Citoyen·ne·s et des Territoires (DDCT).). Les limites des secteurs ne passent pas nécessairement dans l’axe des voies, ne s’appuient pas sur des limites de bâtiments e"
bureaux-de-vote-2025,Bureaux de vote 2025,Citoyenneté,"bureau de vote,vote,scrutin,DDCT,élection","Direction de la Démocratie, des Citoyen.ne.s et des Territoires - Ville de Paris",,,Licence Ouverte (Etalab),2025-01-09,902,"Bureaux de vote 2025 : Localisation des bureaux de vote en vigueur. Lieu où les personnes inscrites sur les listes électorales se déplacent pour voter. Il y a 902 bureaux de vote en 2025. Les bureaux de vote sont le plus souvent localisés dans les mairies d’arrondissement, les établissements scolaires et les gymnases. Localisation des bureaux de vote issus de SIEL (système d’information des élections). Le bureau de vote est généralement situé dans le secteur du bureau de vote associé. Néanmoins, il existe quelques cas de bureaux de vote situés dans un autre secteur. La couche des bureaux de vo"
sectorisation-embellir-votre-quartier,Sectorisation - Embellir votre quartier,Mobilité et Espace Public,"travaux,espace public",Direction de la Voirie et des Déplacements - Ville de Paris,,,Open Database License (ODbL),2025-01-08,79,"Secteurs des quartiers de la démarche ""Embellir votre quartier"" « Embellir votre quartier » est une démarche initiée par la Ville de Paris en 2021, permettant de regrouper l’ensemble des interventions chantiers d’un même quartier sur une période resserrée, pour en limiter la gêne occasionnée. Pour y arriver, Paris a été initialement divisé en 84 « quartiers ». Des modifications de cette géographie ont depuis été réalisées à l'issue de décisions des mairies d'arrondissement. Pour en savoir plus sur cette démarche sur Paris.fr"
plan-de-voirie-voies-en-escalier,Plan de voirie - Voies en escalier,Mobilité et Espace Public,"PVP,voirie,piéton,escalier,DVD",Direction de la Voirie et des Déplacements - Ville de Paris,,,Open Database License (ODbL),2024-12-17,551,"Escalier - Pour être qualifié en sous-ensemble de voirie (SEV), l’escalier doit être le seul moyen de progression dans la voie pour le piéton ; il est à différencier des marches sur trottoir considérés qui ne sont pas traitées en éléments de type S.I.G. Un escalier peut relier deux sous-espaces de voirie de type trottoir ou terre-plein. Le Plan de Voirie de Paris : Le Plan de Voirie de Paris (PVP) est destiné à l'instruction technique des projets sur la voie publique, conformément au règlement de voirie en vigueur. Chaque objet de l'espace public est représenté par un symbole référencé dans la"
nombre-de-travailleurs-en-situation-de-handicap-a-paris-et-dans-l-administration-parisienne-mdph,Handicap : Dossiers déposés à la Maison départementale des personnes handicapées (MDPH),"Equipements, Services, Social","Autonomie,MDPH,handicap,DSOL",MDPH,,MONTHLY,Open Database License (ODbL),2024-12-12,4,"Le nombre de dossiers déposés correspond au nombre de dossiers intégrant une ou plusieurs demandes usagers reçus par la MDPH, que ce soit par courrier, dépôt physique ou téléservice. Le nombre de dossiers décidés correspond au nombre de dossiers passés par la CDAPH (commission des droits et de l’autonomie des personnes handicapées) et faisant l’objet d’une décision ou avis (carte mobilité inclusion par ex.)."
nombre-de-travailleurs-en-situation-de-handicap-a-paris-et-dans-l-administration-parisienne,Handicap : Nombre de bénéficiaires de la prestation de compensation du handicap (PCH),"Equipements, Services, Social","Autonomie,handicap,aides,MDPH,PCH,prestation compensation handicap,DSOL",SUNI avec SALSA,,MONTHLY,,2024-12-12,6,"1. Nombre de bénéficiaires de la prestation de compensation du handicap (PCH) La prestation de compensation du handicap (PCH) est une aide financière destinée à compenser la perte d’autonomie des personnes en situation de handicap dans la vie quotidienne, y compris la vie sociale. Elle est versée par la ville au titre de conseil départemental Elle est attribuée par la commission des droits et de l’autonomie des personnes handicapées (CDAPH) de la Maison départementale des personnes handicapées. La PCH est définie par la loi et destinée à compenser des charges précises liés à : un besoin d’aide"
exclusion-sans-domicilisme0,Exclusion / sans abrisme : Places d'hébergement à Paris,"Equipements, Services, Social","insertion,lutte contre l’exclusion,sans-abrisme,sans domilicisme, SDF,personnes à la rue,DSOL,hébergement d’urgence",Direction régionale et interdépartementale de l’Hébergement et du Logement (Drihl),,ANNUAL,Open Database License (ODbL),2024-12-09,3,"Les services de la Drihl ont élaboré pour la huitième année consécutive un socle de données dans les secteurs de l’hébergement et du logement adapté. Ce socle recense l’ensemble des places d’hébergement et logement adapté financées par l’État en Île-de-France et installées au 31/12/2023. Les données sont disponibles, pour chaque dispositif, à l’échelle régionale, départementale, intercommunale (EPCI et EPT) et communale. Par ailleurs, l’Observatoire social de la DSOL valorise ces données dans le cadre de la publication annuelle des « Chiffres clefs du sans-domicilisme», dans lesquels ces donné"
exclusion-sans-domicilisme,Exclusion / sans abrisme : Nombre de personnes sans-abri recensées durant la nuit de la solidarité,"Equipements, Services, Social","Insertion,lutte contre l’exclusion,sans-abrisme,sans domilicisme, SDF,personnes à la rue,DSOL",La Ville dans le cadre de la NDLS,,ANNUAL,Open Database License (ODbL),2024-12-06,7,L’observatoire social de la DSOL peut produire un graphique par indicateur : Nombre de personnes sans-abri recensées durant la Nuit de la solidarité (NDLS) Places d’hébergement localisées à Paris : indicateur composite Les données des 355 secteurs parisiens (nombre de la NDLS 2024) sont disponibles à l’observatoire social de la DSOL (cartes faites et propriété de l’APUR). Elles sont également disponibles par typologies sociodémographiques de la population. Une précaution est à prendre dans l’exploitation du chiffre et ses comparaisons au cours du temps puisque l’échantillon de personnes rencon
proportion-des-marches-publics-de-la-ville-de-paris-avec-une-disposition-environnementale,Proportion des marchés publics de la Ville de Paris avec une disposition environnementale,Environnement,"achat responsable,marché public,Production et consommation durable",Direction des Finances et des Achats SDA SARA,,OTHER,Licence Ouverte (Etalab),2024-12-06,8,"L’indicateur ""Proportion des marchés publics avec une disposition environnementale"" identifie la part des marchés passés par la Sous-direction des achats qui incluent des aspects environnementaux. Il peut s’agir d’une obligation du cahier des charges ou d’un critère valorisé qui permet de sélectionner le titulaire du marché."
nombre-de-seniors-accompagnes-par-la-ville,Séniors - Nombre de bénéficiaires de l’Allocation personnalisée d’autonomie (APA),"Equipements, Services, Social","Autonomies,Seniors,PA,personnes âgées,aides,APA,allocation personnalisée d’autonomie,DSOL",Observatoire Social DSOL (Flore CAPELIER / Paul HENRY),,MONTHLY,Open Database License (ODbL),2024-12-06,5,"Nombre de bénéficiaires parisiens ayant un droit ouvert à l’APA. Cette définition est la même pour l’ensemble des départements. Cet indicateur est différent des paiements. L’APA (allocation personnalisée d’autonomie) sert à payer en totalité ou en partie : les dépenses nécessaires pour rester à domicile (APA à domicile), soit le tarif « dépendance » de l’établissement médico-social de l’usage (APA en établissement). Elle est versée par les services du département. L’APA à domicile enregistre une baisse jusqu’en janvier 2023 et semble depuis plutôt stable (à peu près même chiffre en avril 2021 "
nombre-de-parcs-et-jardins-municipaux-ecolabellises-eco-jardin,Nombre de parcs et jardins municipaux écolabellisés Éco-jardin,Environnement,"Gestion écologique,Gestion différenciée,Parcs,Jardins,Label, Éco-jardins,biodiversité",Direction des Espaces Verts et de l'Environnement - Ville de Paris,,ANNUAL,Licence Ouverte (Etalab),2024-12-03,6,"Cet indicateur permet de mesurer l’action de la Ville de Paris en faveur de la gestion écologique et différentiée, il mesure le nombre de parcs et jardins municipaux labellisés éco-jardins sur le nombre total de parcs et jardins municipaux. Ce label national valorise la gestion écologique exemplaire des espaces verts réemployant toute la production de déchets verts, une gestion écologique de sa ressource en eau et en en interdisant le recours à tout produit phytosanitaire. En respectant le référentiel du label, la Ville s’inscrit dans une dynamique de réflexion et d’amélioration continue des p"
insertion-par-l-activite-economique,Insertion par l’activité économique,"Equipements, Services, Social","Insertion,emploi,chômage,demandeurs d’emploi A, B, C ",France Travail,,ANNUAL,Open Database License (ODbL),2024-12-03,5,"Nombre des chômeurs de longue durée (A+B+C, soit ceux n’ayant aucune activité et ceux exerçant une activité réduite) à Paris, comparé au chiffre de la Région Ile de France et au chiffre de la France métropolitaine (voir graphique en copie d’écran). Les demandeurs d’emploi sont les personnes inscrites sur les listes de France Travail. L’inscription sur les listes de France Travail est soumise à certaines conditions, mais les demandeurs d’emploi peuvent être ou non indemnisés, certains peuvent occuper un emploi. Selon leur situation vis à vis de l’obligation de recherche d’emploi et de l’exercic"
indice-de-canopee,Indice de canopée,Environnement,"arbres,canopée,ombrage,surface ombragée,biodiversité",Direction des Espaces Verts et de l’Environnement – Ville de Paris,,BIENNIAL,Licence Ouverte (Etalab),2024-12-02,6,"Définition La canopée correspond à l’étage supérieur des arbres : il s’agit de l’ensemble des couronnes feuillées ou houppiers de tous les arbres d’un territoire. Ainsi, l’indice de canopée d’une ville représente le pourcentage de la surface occupée par cette canopée par rapport à la surface totale de la ville. Pour le calculer, il faut définir une hauteur au-dessus de laquelle on prend en compte l’ensemble des espaces occupés par les arbres : la plupart des métropoles (et c’est le cas de Paris) ont choisi la hauteur de 3 mètres, qui permet de prendre en compte l’ensemble des arbres de petit, "
part-des-vehicules-a-faible-emission-de-l-administration-parisienne,Part des véhicules à faible émission de l’administration parisienne,Mobilité et Espace Public,"Mobilité,Environnement,véhicules,motorisation,Faibles émissions,décarbonation,flotte,énergie,DILT,électrique,développement durable,GNV,GPL,hybride","Direction de l'innovation, de la logistique et des technologies - DILT, ST-TAM",,ANNUAL,,2024-12-02,4,"Part des véhicules à faibles émissions mis à disposition des directions de la Ville de Paris, et gérés par la DILT (les véhicules métiers de la Propreté de Paris et des Espaces Verts ne sont pas inclus). Cette part se compose des véhicules à motorisation décarbonée (électrique et hydrogène), ainsi que ceux alimentés au bio-GNV, au GPL et hybrides. Au 1er janvier 2024, le parc global de la ville toutes motorisations confondues s’élève à 2643 véhicules motorisés Cet indicateur permet de quantifier la transformation du parc de véhicules dans le cadre des orientations de la municipalité parisienne"
quantite-de-dechets-produits-et-tries-par-habitant-et-par-an,Quantité de déchets produits et triés par habitant et par an,Environnement,"Environnement,déchets,poubelle ",Direction de la Propreté et de l'Eau - Ville de Paris,,ANNUAL,Licence Ouverte (Etalab),2024-12-02,30,"L’indicateur représente la quantité annuelle de déchets ménagers et assimilés collectés par le service public de gestion des déchets. Cette quantité est ramenée au nombre de parisien. Cette quantité concerne les ordures ménagères résiduelles (déchets non triés) et les collectes sélectives (déchets triés) : biodéchets, multimatériaux, emballages en verre et déchets occasionnels. Les données sont issues du Rapport Annuel sur le prix et la qualité du service public de prévention et de gestion des déchets ménagers et assimilés à Paris. Ce rapport est produit chaque par la Direction de la Propreté "
nombre-total-d-especes-observees-entre-2010-et-2020-flore-champignons-lichens-faune,"Nombre total d'espèces observées entre 2010 et 2020 (flore, champignons/lichens, faune)",Environnement,"espèces,nature,plantes,animaux,champignons,biodiversité",Direction des Espaces Verts et de l’Environnement – Ville de Paris,,,Licence Ouverte (Etalab),2024-12-02,0,"Cet indicateur rend compte des observations réalisées sur une période de 10 ans, comprise en 2010 et 2020. Près de 2800 espèces sauvages ont pu ainsi être observées : Flore : 831 espèces dont 771 plantes à fleurs, 20 fougères et prêles, 3 conifères et 37 mousses et hépatiques. Champignons/lichens : 350 espèces dont 319 champignons et 31 lichens. Faune :1618 dont 1132 insectes. L’Atlas de la Nature publié en 2020 recense le nombre d’espèces observées à Paris entre 2010 et 2020. Pour la flore l’observation se fait essentiellement entre mars et septembre. Pour la faune, les périodes d’observation"
surface-d-agriculture-urbaine-dans-paris,Surface d’agriculture urbaine dans Paris,Environnement,"agriculture urbaine,agriculture durable,Parisculteurs,cultures indoor,projets agricoles ",Direction des Espaces Verts et de l'Environnement - Ville de Paris,,ANNUAL,,2024-12-02,6,"Cet indicateur mesure la surface d’agriculture urbaine dans Paris à la fois sur des espaces de pleine terre, du bâti végétalisé ou des cultures indoor. Cet indicateur est lié à l’objectif de développement de l’agriculture urbaine et de soutien de l’agriculture durable à Paris. L’agriculture urbaine est mise en œuvre notamment à travers le dispositif d’appels à projets des Parisculteurs depuis 2016. Les crises sanitaires, climatiques et sociales mondiales posent la question de l’approvisionnement alimentaire et de sa relocalisation en milieu urbain, péri-urbain, en développant les circuits cour"
bruit-evolution-de-l-indice-du-bruit-mesure-sur-des-stations-parisiennes,Bruit routier - Évolution annuelle des indicateurs de bruit journée complète et nocturne mesurés sur plusieurs stations parisiennes,Environnement,"pollution,bruit,bruit routier,sonore,OBS-TES,Qualité environnementale,DTEC",Direction de la Transition Écologique et du Climat - Ville de Paris,LocalAuthority,ANNUAL,Open Database License (ODbL),2024-11-25,16,"Jeu de données portant l’évolution annuelle de l’indice du bruit routier mesuré par des stations permanentes parisiennes de bruitparif : C es données précisent les moyennes annuelles des mesures effectuées par Bruitparif le jour (L den ) et la nuit (L n ) pour différentes typologies de stations installées sur le territoire parisien. Typologie : - Bd périphérique, - Boulevards urbains, - Place circulée, - Rue apaisée, - Rue équipée d'un enrobé phonique (suivi du projet LIFE cool & low noise asphalt). Ces données ont été déterminées en utilisant la méthode CNOSSOS. Méthode CNOSSOS (Common NOise "
bruit-exposition-des-parisien-ne-s-aux-depassements-des-seuils-nocturne-ou-journ,Bruit routier - Exposition des Parisien(ne)s aux dépassements des seuils nocturne ou journée complète,Environnement,"pollution,bruit,bruit routier,sonore,OBS-TES,Qualité environnementale,DTEC",Direction de la Transition Écologique et du Climat - Ville de Paris,LocalAuthority,TRIENNIAL,Open Database License (ODbL),2024-11-25,2,"Jeu de données portant sur l’exposition des Parisien.n.e.s aux dépassements de seuils nocturne ou journée complète pour le bruit routier : c es données permettent de connaître annuellement le nombre de Parisien.ne.s soumis à un dépassement du seuil réglementaire pour la nuit (Ln) ou pour une journée complète (Lden) Ces données ont été déterminées en utilisant la méthode CNOSSOS. Méthode CNOSSOS (Common NOise aSSessment methOdS) La méthode CNOSSOS, reprise par la directive européenne 2015/996 du 19 mai 2015 a pour objectif de fournir un modèle d’évaluation du bruit commun aux différents pays d’"
occupation-des-creneaux-sportifs,Occupation des créneaux sportifs,"Equipements, Services, Social","créneaux, sport, association, discipline",Direction de la Jeunesse et des Sports,,ANNUAL,Licence Ouverte (Etalab),2024-10-28,18768,"La Direction de la Jeunesse et des Sports participe à la conception et à la mise en œuvre des politiques de la Ville dans les secteurs du sport et de la jeunesse. Elle a notamment pour mission de promouvoir la pratique sportive, en lien avec l’ensemble des acteurs du mouvement sportif. Elle veille notamment à la régularité des relations avec les acteurs du mouvement sportif, à la rationalisation et à l’optimisation de l’utilisation des équipements sportifs, au développement d’actions spécifiques favorisant la pratique sportive de l’ensemble des usagers ainsi qu’au développement d’une politique"
participation-citoyenne-consultations-embellir-votre-quartier-phase-3,Participation citoyenne - Consultations Embellir votre Quartier phases 3 & 4,Mobilité et Espace Public,"consultation,embellir,EVQ,arrondissement","DDCT - Direction de la Démocratie, des Citoyen.ne.s et des Territoires",,,Open Database License (ODbL),2024-10-24,0,"Pour transformer les espaces de votre quotidien, Paris a initié en 2021 « Embellir votre quartier », avec à la clé davantage de végétalisation, de zones piétonnes, de pistes cyclables, ou encore de mobilier urbain adapté aux nouveaux usages. C’est à vous de décider des interventions utiles et prioritaires pour faire de votre quartier ou de votre rue un lieu plus agréable, plus accessible et plus respirable. Cette stratégie s'articule avec le Manifeste pour la beauté, la nouvelle doctrine d'aménagement de l'espace public. La démarche « Embellir votre quartier » (EVQ) permet de concentrer sur un"
mobilitesetudes,Liste des études de l'Observatoire Parisien des Mobilités,,,,,,,2024-08-08,26,Ce jeu de données regroupe l'ensemble des études réalisées par l'Observatoire Parisien des Mobilités
elections-legislatives-2024-1ertour,Elections - Législatives 2024 - 1erTour,Citoyenneté,"résultats,élection,scrutin,vote,législatives","Direction de la Démocratie, des Citoyen.ne.s et des Territoires - Ville de Paris",,,Open Database License (ODbL),2024-07-10,0,"Résultats du 1er tour des élections législatives du 30 juin 2024 par bureau de vote, quartier, arrondissement et circonscription. Vous retrouverez : Nombre de procurations Nombre d’inscrits Nombre d’émargements Nombre de votants Nombre de blancs Nombre de nuls Nombre d’exprimés Les résultats pour chaque candidat Un identifiant ID_BVOTE permet de réaliser une jointure avec le jeu de données géographiques des secteurs de bureaux de vote . Conformément à l’article R 40-1 du code électoral, les résultats du bureau de vote à caractère dérogatoire sont disponibles dans l’Open-data sous la référence "
elections-legislatives-2024-2emetour,Elections - Législatives 2024 - 2èmeTour,Citoyenneté,"résulats,élection,scrutin,vote,législatives","Direction de la Démocratie, des Citoyen.ne.s et des Territoires - Ville de Paris",,,Open Database License (ODbL),2024-07-10,0,"Résultats du 2ème tour des élections législatives du 7 juillet 2024 par bureau de vote, quartier, arrondissement et circonscription. Vous retrouverez : Nombre de procurations Nombre d’inscrits Nombre d’émargements Nombre de votants Nombre de blancs Nombre de nuls Nombre d’exprimés Les résultats pour chaque candidat Un identifiant ID_BVOTE permet de réaliser une jointure avec le jeu de données géographiques des secteurs de bureaux de vote . Ces résultats correspondent aux extraits le soir de scrutin du Système d'information élection de la Ville de Paris ( ""Paris Vote"" à partir de 2017). Nous at"
velo_reseau_cyclable_olympique,Paris 2024 – vélo – réseau cyclable olympique RCO,Mobilité et Espace Public,"vélo,réseau cyclable,Jeux Olympiques,voirie",Direction de la Voirie et des Déplacements - Ville de Paris,,,Licence Ouverte (Etalab),2024-07-10,176,"Ce jeu de données contient le RCO « réseau cyclable olympique » Paris 2024 sur le territoire de la ville de Paris . Les itinéraires du RCO parisien ne correspondent pas nécessairement à des pistes cyclables en site propre, mais constituent l’armature principale du réseau cyclable durant les jeux olympiques Paris 2024 . La précision de la donnée d’itinéraire est l’axe de la voie concernée. Les tracés ont deux types de valeur : Réseau « Les jeux à vélo » Liaisons intersites de compétition Les liaisons intersites de compétitions sont identifiées sur le terrain par un millier d’aplats « Paris 2024"
compte-de-resultat,Compte de Résultat,Administration et Finances Publiques,"finances,budget,DFA",Direction des Finances et des Achats - Ville de Paris,,,Open Database License (ODbL),2024-07-05,369,"Le compte de résultat est un document comptable qui synthétise, pour une période donnée (en général l'exercice comptable, 12 mois) : • ce que la collectivité a vendu ou produit (les produits) ; • ce qu'elle a consommé (les charges). Le compte de résultat va donc retracer la vie de la collectivité sur une année. De ce fait, on va pouvoir déterminer le résultat comptable (bénéfice ou perte) sur l'année, en faisant la différence entre : • les produits d'exploitation (compte de classe 7) ; • et les charges d'exploitation (compte de classe 6). Produits : Ventes de marchandises Production de biens e"
velo_deviation_montage_jop2024_polygone,Paris 2024 – vélo – zones inaccessibles en lien avec l’organisation des jeux,Mobilité et Espace Public,"vélo,Jeux Olympiques,voirie",Direction de la Voirie et des Déplacements - Ville de Paris,,,Licence Ouverte (Etalab),2024-07-05,97,"Dans le cadre de l’organisation des jeux olympiques et paralympiques Paris 2024, des zones sont rendues inaccessibles aux cyclistes afin de permettre l’organisation de l’événement. NB : ces emprises sont physiquement hermétiques aux piétons également https://www.paris.fr/pages/des-circulations-velo-modifiees-pour-l-organisation-des-jeux-26937 Voir également le réseau cyclable durant les jeux Nom du champ Traduction/explication activation_hours Plage d’activation de la mesure. Syntaxe au format OSM https://wiki.openstreetmap.org/wiki/Key:opening_hours Outil de lecture disponible https://projets"
bilan-comptable-synthetique,Bilan Comptable - Synthétique,Administration et Finances Publiques,"budget,bilan comptable,DFA",Direction des Finances et des Achats - Ville de Paris,,,Open Database License (ODbL),2024-07-05,251,"Le bilan comptable est incontournable dans la comptabilité. Il est composé de deux grandes masses, l'actif et le passif. L'actif correspond aux biens dont la collectivité est propriétaire, c'est l'image de ce qu’elle possède (matériels, stocks, terrains, disponibilités) ; Le passif donne l'origine et la composition des fonds de la collectivité, c'est l'image de ce qu’elle doit (capital social, résultat de l'exercice, emprunts, dettes financières). Ces deux postes sont équilibrés. Le bilan comptable est un document financier donnant une image du patrimoine de la collectivité à un instant t, qui"
bilan-comptable,Bilan Comptable - Détaillé,Administration et Finances Publiques,"DFA,finances,budget",Direction des Finances et des Achats - Ville de Paris,,,Open Database License (ODbL),2024-07-05,506,"Le bilan comptable est incontournable dans la comptabilité. Il est composé de deux grandes masses, l'actif et le passif. L'actif correspond aux biens dont la collectivité est propriétaire, c'est l'image de ce qu’elle possède (matériels, stocks, terrains, disponibilités) ; Le passif donne l'origine et la composition des fonds de la collectivité, c'est l'image de ce qu’elle doit (capital social, résultat de l'exercice, emprunts, dettes financières). Ces deux postes sont équilibrés. Le bilan comptable est un document financier donnant une image du patrimoine de la collectivité à un instant t, qui"
accessibilite-des-hebergements-en-ile-de-france-paris-je-t-aime,Accessibilité des Hébergements en Ile de France - Paris je t'aime,Commerces et Tourisme,"hébergement,handicap,accessibilité",Paris Je T'aime - Office de Tourisme,,,Open Database License (ODbL),2024-06-24,536,"Jeu de données présentant l’accessibilité des hébergements touristiques de la Métropole du Grand Paris ayant participé au programme d’accompagnement dédié de Paris je t’aime. Paris je t’aime – Office de tourisme est engagé aux côtés de la Ville pour améliorer l’accessibilité de la destination depuis plusieurs années avec une personne experte au sein de ses équipes. La précision des informations fournies aux personnes en situation de handicap en visite à Paris est un élément essentiel pour assurer et rassurer ces visiteurs sur les conditions d’accueil et de circulation. Parallèlement, selon le "
legislatives-emplacement-panneaux-electoraux,Emplacements des panneaux électoraux – Elections législatives – 30 juin et 7 juillet 2024,Citoyenneté,Elections Panneaux Affichage Bureaux de vote ,"DDCT - Direction de la Démocratie, des Citoyen.ne.s et des Territoires",,,Open Database License (ODbL),2024-06-17,540,"En application des dispositions des articles L.51 et R.28 du code électoral, les candidats doivent pouvoir disposer à compter de la date du début de la campagne officielle - fixée au 18 juin pour le scrutin des élections législatives des 30 juin et 7 juillet de panneaux réservés à leur affichage. La Ville de met à disposition des candidats 540 emplacements dont les localisations sont précisées, pour chacun des 17 secteurs, dans les fichiers correspondants, avec la mention de chacune des 18 circonscriptions de Paris."
velo_stationnement_site_olympique,Stationnement vélo Paris 2024 sites olympiques – territoire parisien,Mobilité et Espace Public,"vélo,stationnement,Jeux Olympiques",Direction de la Voirie et des Déplacements - Ville de Paris,,,Licence Ouverte (Etalab),2024-06-17,13,Ce jeu de données contient les emplacements de stationnement vélo à proximité des sites de compétition Paris 2024 sur le territoire de la ville de Paris . Ces parkings vélo sont gardiennés. Ils sont activés les jours de session olympique. Chaque parking contient plusieurs centaines de places et est ouvert à tous. Des emplacements sont prévus pour les vélos en freefloating. Le dispositif de stationnement permet l’accroche sécurisée des vélos en 2 point fixes. Le gardiennage des parkings vélo n’intègre pas de consignes pour les casques et batteries de vélo. Voir également : Réseau cyclable princ
velo_deviation_montage_jop2024,Paris 2024 – vélo – déviations et restrictions d’itinéraires cyclables en lien avec l’organisation des jeux,Mobilité et Espace Public,"vélo,piste cyclable,Jeux Olympiques,voirie",Direction de la Voirie et des Déplacements - Ville de Paris,,,Licence Ouverte (Etalab),2024-06-17,82,"Dans le cadre de l’organisation des jeux olympiques et paralympiques Paris 2024, - Des itinéraires cyclables sont rendus inaccessibles afin de permettre l’organisation de l’événement. - Des itinéraires cyclables de contournement sont proposés en substitution des itinéraires inaccessibles. Ces itinéraires utilisent des infrastructures préexistantes ou spécifiquement mises en place pour le contournement. https://www.paris.fr/pages/des-circulations-velo-modifiees-pour-l-organisation-des-jeux-26937 Nom du champ Traduction/explication activation_hours Plage d’activation de la mesure. Syntaxe au for"
elections-europeennes-2024,Elections - Européennes 2024,Citoyenneté,"résultats,élection,scrutin,vote,européennes","Direction de la Démocratie, des Citoyen.ne.s et des Territoires - Ville de Paris",,,Open Database License (ODbL),2024-06-14,902,"Résultats des élections européennes du 9 juin 2024 par bureau de vote, quartier, arrondissement et circonscription. Le fichier des résultats comprend : Nombre de procurations Nombre d’inscrits Nombre d’émargements Nombre de votants Nombre de blancs Nombre de nuls Nombre d’exprimés Les résultats pour chaque candidat Conformément à l’article R 40-1 du code électoral, les résultats du bureau de vote à caractère dérogatoire sont disponibles dans l’Open-data sous la référence 4-99. Ces résultats correspondent aux extraits le soir de scrutin du Système d'information élection de la Ville de Paris ( """
ramen_pt,tdb_encombrants,,,,,,,2024-06-12,2400,
reamenagement-de-la-place-de-la-concorde-2024,Réaménagement de la place de la Concorde - 2024,Urbanisme et Logements,"démocratie participative,consultation,8e,place","DDCT - Direction de la Démocratie, des Citoyen.ne.s et des Territoires",,,Open Database License (ODbL),2024-05-30,953,"Joyau patrimonial de l’axe historique de Paris, la place de la Concorde fait face à plusieurs défis : faciliter la traversée en y privilégiant les mobilités actives ; se rafraîchir et favoriser les continuités écologiques ; renouer avec son patrimoine végétal et historique ; préserver sa vocation d’espace de rassemblement ; offrir une nouvelle expérience à ses usagers. Afin d’y répondre, la Ville de Paris lance un projet de réaménagement de grande ampleur. Pour nourrir le programme des travaux, une concertation publique est organisée du 2 avril à 8h30 au 29 mai 2024 à 17h. Retrouvez ici le reg"
emplacement_panneaux_elections,Emplacements des panneaux électoraux – Elections européennes,Citoyenneté,"Elections,Panneaux,Affichage,Bureaux de vote ","DDCT - Direction de la Démocratie, des Citoyen.ne.s et des Territoires",,,Open Database License (ODbL),2024-05-23,902,"En application des dispositions des articles L.51 et R.28 du code électoral, les candidats doivent pouvoir disposer à compter de la date du début de la campagne officielle - fixé au 27 mai 2024 pour le scrutin des élections européennes du 9 juin - de panneaux réservés à leur affichage. La Ville de Paris met à disposition des candidats 434 emplacements dont les localisations sont précisées, pour chacun des 17 secteurs, dans les fichiers correspondants"
lineaire-cyclable-km,Linéaire cyclable (en km),Mobilité et Espace Public,"piste cyclable,plan vélo",Direction de la Voirie et des Déplacements - Ville de Paris,,,Open Database License (ODbL),2024-05-16,12,"Le linéaire pour une année donnée correspond au cumul au 1er janvier des itinéraires cyclables sous forme de piste, voie verte, bande, couloir bus ouverts aux vélos, voies et chemins fermés à la circulation générale, voies piétonnes ouvertes aux vélos et doubles sens cyclable simples sur le territoire de la ville de Paris. Ces données sont une extraction de la base de OSM © Les Contributeurs d’OpenStreetMap"
liste-des-marches-de-la-collectivite-parisienne,Marchés publics - Liste des marchés de la collectivité parisienne,Administration et Finances Publiques,"DFA,Commande publique,finances,Marchés publics",Direction des Finances et des Achats - Ville de Paris,,,Open Database License (ODbL),2024-05-02,17639,"Le jeu de données représente la liste des marchés passés par la collectivité parisienne depuis 2013 Cette liste précise l’objet du marché, le nom du titulaire, le montant du marché sur sa durée complète, sa durée, le budget de rattachement, la nature de l’achat concerné. La Ville fait le choix de publier l’ensemble des marchés d’un montant supérieur à 25 000 euros HT. Nom de la colonne Description Année de notification Année de notification du marché N° Marché Numéro national de recensement du marché Objet du marché Objet du marché Nature du marché Fournitures, Travaux ou Services Fournisseur "
telechargements-dernier-mois,Téléchargements - dernier mois,,,,,,,2024-04-24,389,
participation-citoyenne-consultations-numeriques-2021,Participation citoyenne - Consultations numériques 2021,Citoyenneté,"démocratie participative,consultation,concertation","DDCT - Direction de la Démocratie, des Citoyen.ne.s et des Territoires",,,Open Database License (ODbL),2024-04-18,0,"Budget Participatif, consultations, conférences citoyennes sur les projets stratégiques de la municipalité, instances de participation citoyenne… À Paris, les habitantes et habitants peuvent prendre part à de nombreuses initiatives pour co-construire la politique publique. Vous trouverez ici les exports des contributions aux consultations publiques réalisées en 2021 sur la plateforme idee.paris : - Quels aménagements pour l'avenue du Général Eisenhower ? - Questionnaire - 5/12/2020 au 10/01/2021 - Un nom pour le centre de Protection Maternelle et Infantile du 2e arrondissement - Questionnaire "
plaques_commemoratives,Plaques commémoratives,Culture,mémoire,Direction des Affaires Culturelles - Ville de Paris,,,Open Database License (ODbL),2024-04-18,2619,"Plaques commémoratives Cette base de données répertorie les plaques commémoratives apposées dans l’espace public parisien. Visibles de toutes et tous, elles font connaître l’histoire de notre ville à travers les événements et les personnalités qui l’ont marquée. Ce recensement a pour vocation de faire partager plus largement cette mémoire inscrite dans les rues de Paris. La base de données est complétée et actualisée régulièrement."
participation-citoyenne-concertation-revision-du-plan-local-d-urbanisme,Participation citoyenne - Concertation Révision du Plan Local d'Urbanisme,Urbanisme et Logements,"démocratie participative,consultation,PLU,Urbanisme,plan local d'urbanisme","DDCT - Direction de la Démocratie, des Citoyen.ne.s et des Territoires",,,Open Database License (ODbL),2024-04-18,0,Le plan local d'urbanisme (PLU) détermine les règles d’occupation des sols sur le territoire d’une ville ou d’une intercommunalité. C’est le document que l’on consulte lorsqu’on veut construire ou démolir un bâtiment. Il constitue un « projet de ville » qui dessine le futur d’une agglomération pour environ 10 à 15 ans. L’objectif de la révision du PLU est de mieux préparer la ville aux évolutions climatiques. Cela implique des règles de construction et d’organisation du territoire différentes. Les grandes phases de la concertation : - Fin janvier - 11 avril 2021 : phase d'information préalable
participation-citoyenne-consultations-numeriques-2020,Participation citoyenne - Consultations numériques 2020,Citoyenneté,"démocratie participative,consultation,concertation","DDCT - Direction de la Démocratie, des Citoyen.ne.s et des Territoires",,,Open Database License (ODbL),2024-04-17,0,"Budget Participatif, consultations, conférences citoyennes sur les projets stratégiques de la municipalité, instances de participation citoyenne… À Paris, les habitantes et habitants peuvent prendre part à de nombreuses initiatives pour co-construire la politique publique. Vous trouverez ici les exports des contributions aux consultations publiques réalisées en 2020 sur la plateforme idee.paris : - Covid-19 : tou.te.s solidaires - Boîte à idées - 25/03/2023 au 05/06/2020 - 10m2 en bas de chez vous - Questionnaire -20/10/2020 au 20/12/2020 - 10m2 en bas de chez vous - Boîte à idées - 20/10/2020"
participation-citoyenne-consultations-numeriques-2017,Participation citoyenne - Consultations numériques 2017,Citoyenneté,"démocratie participative,consultation,concertation","DDCT - Direction de la Démocratie, des Citoyen.ne.s et des Territoires",,,Open Database License (ODbL),2024-04-17,0,"Budget Participatif, consultations, conférences citoyennes sur les projets stratégiques de la municipalité, instances de participation citoyenne… À Paris, les habitantes et habitants peuvent prendre part à de nombreuses initiatives pour co-construire la politique publique. Vous trouverez ici les exports des contributions aux consultations publiques réalisées en 2017 sur la plateforme Madame la Maire, j'ai une idée ! : - Vos propositions pour construire ensemble une ville neutre en carbone en 2050 - Boîte à idées - 03/11/2016 au 05/03/2017 - Vos propositions pour améliorer le fonctionnement de "
participation-citoyenne-consultations-numeriques-2015,Participation citoyenne - Consultations numériques 2015,Citoyenneté,"démocratie participative,consultation,concertation","DDCT - Direction de la Démocratie, des Citoyen.ne.s et des Territoires",,,Open Database License (ODbL),2024-04-17,0,"Budget Participatif, consultations, conférences citoyennes sur les projets stratégiques de la municipalité, instances de participation citoyenne… À Paris, les habitantes et habitants peuvent prendre part à de nombreuses initiatives pour co-construire la politique publique. Vous trouverez ici les exports des contributions aux consultations publiques réalisées en 2015 sur la plateforme Madame la Maire, j'ai une idée ! : - Budget participatif 2015 - Boîte à idées - 13/01/2015 au 15/03/2015 - Construisons la Métropole du Grand Paris - Boîte à idées - 31/03/2015 au 30/06/2015 - Carte citoyen.ne de "
marches-decouverts,Marchés découverts,Commerces et Tourisme,"Marché de plein-vent,marché alimentaire,marché aux fleurs,marché aux puces,DAE",Direction de l'Attractivité et de l'Emploi - Ville de Paris,,,Open Database License (ODbL),2024-04-17,80,"Marché découvert alimentaire ou spécialisé - Emprise du marché découvert englobant l’ensemble des étals et installations des commerçants non sédentaires sur l’espace public. Un marché de plein vent ou découvert est composé en majorité de commerçants non sédentaires, alimentaires ou non, auxquels s’ajoutent des producteurs locaux. On distingue les marchés : · Alimentaire : à dominance alimentaire; · Spécialisé : bio (produits biologiques qu’ils soient alimentaires ou non), fleurs, timbres, oiseaux, puces Contraintes géographiques et topologiques : Un marché est constitué de une à plusieurs empr"
participation-citoyenne-consultations-numeriques-2018,Participation citoyenne - Consultations numériques 2018,Citoyenneté,"démocratie participative,consultation,concertation","DDCT - Direction de la Démocratie, des Citoyen.ne.s et des Territoires",,,Open Database License (ODbL),2024-04-17,0,"Budget Participatif, consultations, conférences citoyennes sur les projets stratégiques de la municipalité, instances de participation citoyenne… À Paris, les habitantes et habitants peuvent prendre part à de nombreuses initiatives pour co-construire la politique publique. Vous trouverez ici les exports des contributions aux consultations publiques réalisées en 2018 sur la plateforme Madame la Maire, j'ai une idée ! : - Des animaux à Paris - Boîte à idées - 19/04/2018 au 01/07/2018 - La future mairie des 1er, 2e, 3e et 4e arrondissement - Boîte à idées -11/12/2017 au 15/02/2018 - Goutte d'Or S"
participation-citoyenne-consultations-numeriques-2019,Participation citoyenne - Consultations numériques 2019,Citoyenneté,"démocratie participative,consultation,concertation","DDCT - Direction de la Démocratie, des Citoyen.ne.s et des Territoires",,,Open Database License (ODbL),2024-04-17,0,"Budget Participatif, consultations, conférences citoyennes sur les projets stratégiques de la municipalité, instances de participation citoyenne… À Paris, les habitantes et habitants peuvent prendre part à de nombreuses initiatives pour co-construire la politique publique. Vous trouverez ici les exports des contributions aux consultations publiques réalisées en 2019 sur la plateforme idee.paris : - Conférence de consensus : Parisien.ne.s exprimez votre opinion - Boîte à idées - 25/01/2019 au 15/03/2019 - Les espaces publics autour de la Gare du Nord - Boîte à idées - 06/02/2019 au 20/03/2019 -"
participation-citoyenne-consultations-numeriques-2023,Participation citoyenne - Consultations numériques 2023,Citoyenneté,"démocratie participative,consultation,concertation","DDCT - Direction de la Démocratie, des Citoyen.ne.s et des Territoires",,,Open Database License (ODbL),2024-04-17,0,"Budget Participatif, consultations, conférences citoyennes sur les projets stratégiques de la municipalité, instances de participation citoyenne… À Paris, les habitantes et habitants peuvent prendre part à de nombreuses initiatives pour co-construire la politique publique. Vous trouverez ici les exports des contributions aux consultations publiques réalisées en 2022 sur la plateforme decider.paris : - Enquête Paysages ! - questionnaire - 27 mars au 14 mai, prolongée du 17 mai au 28 mai 2023 - Canal Saint-Martin : penser les usages de demain ! - questionnaire - 14 septembre au 12 ocotbre 2023 -"
participation-citoyenne-consultations-embellir-votre-quartier-phases-1-et-2,Participation citoyenne - Consultations Embellir votre Quartier - phases 1 et 2,Mobilité et Espace Public,"consultation,embellir,EVQ,arrondissement","DDCT - Direction de la Démocratie, des Citoyen.ne.s et des Territoires",,,Open Database License (ODbL),2024-04-17,0,"Pour transformer les espaces de votre quotidien, Paris a initié en 2021 « Embellir votre quartier », avec à la clé davantage de végétalisation, de zones piétonnes, de pistes cyclables, ou encore de mobilier urbain adapté aux nouveaux usages. C’est à vous de décider des interventions utiles et prioritaires pour faire de votre quartier ou de votre rue un lieu plus agréable, plus accessible et plus respirable. Cette stratégie s'articule avec le Manifeste pour la beauté, la nouvelle doctrine d'aménagement de l'espace public. La démarche « Embellir votre quartier » (EVQ) permet de concentrer sur un"
participation-citoyenne-consultations-numeriques-2016,Participation citoyenne - Consultations numériques 2016,Citoyenneté,"démocratie participative,consultation,concertation","DDCT - Direction de la Démocratie, des Citoyen.ne.s et des Territoires",,,Open Database License (ODbL),2024-04-17,0,"Budget Participatif, consultations, conférences citoyennes sur les projets stratégiques de la municipalité, instances de participation citoyenne… À Paris, les habitantes et habitants peuvent prendre part à de nombreuses initiatives pour co-construire la politique publique. Vous trouverez ici les exports des contributions aux consultations publiques réalisées en 2016 sur la plateforme Madame la Maire, j'ai une idée ! : - Le statut de Paris - Boîte à idées - 26/01/2016 au 16/02/2016 - Assises parisiennes de la santé (phase 1) - Boîte à idées - 05/04/2016 au 29/06/2016 - Assises parisiennes de la"
participation-citoyenne-consultations-numeriques-2022,Participation citoyenne - Consultations numériques 2022,Citoyenneté,"démocratie participative,consultation,concertation","DDCT - Direction de la Démocratie, des Citoyen.ne.s et des Territoires",,,Open Database License (ODbL),2024-04-17,0,"Budget Participatif, consultations, conférences citoyennes sur les projets stratégiques de la municipalité, instances de participation citoyenne… À Paris, les habitantes et habitants peuvent prendre part à de nombreuses initiatives pour co-construire la politique publique. Vous trouverez ici les exports des contributions aux consultations publiques réalisées en 2022 sur la plateforme idee.paris : - Projet de plan d'amélioration de l'environnement sonore 2021-2026 - Co-écriture - 10/11/2021 au 10/01/2022 - Denfert-Rochereau : réinventez votre place - Questionnaire - 03/12/2021 au 23/01/2022 - Q"
secteurs-des-bureaux-de-vote-2024,Secteurs des bureaux de vote 2024,Citoyenneté,"bureau de vote,vote,suffrages,DDCT,élection","Direction de la Démocratie, des Citoyen.ne.s et des Territoires - Ville de Paris",,,Open Database License (ODbL),2024-04-10,902,"Secteurs des bureaux de vote 2024 Emprises des secteurs géographiques auxquelles sont rattachés les électeurs d’un bureau de vote. Le sectionnement 2024 comprend 902 secteurs. Couche surfacique des secteurs de bureau de vote issue de SIEL (système d’information des élections) délimités par le Bureau des Élections et du Recensement de la Population de la Direction de la Démocratie, des Citoyen·ne·s et des Territoires (DDCT).). Les limites des secteurs ne passent pas nécessairement dans l’axe des voies, ne s’appuient pas sur des limites de bâtiments et peuvent couper un îlot. Le tracé tient comp"
bureaux-de-vote-2024,Bureaux de vote 2024,Citoyenneté,"bureau de vote,vote,scrutin,DDCT,élection","Direction de la Démocratie, des Citoyen.ne.s et des Territoires - Ville de Paris",,,Open Database License (ODbL),2024-04-10,902,"Bureaux de vote 2024 Lieu où les personnes inscrites sur les listes électorales se déplacent pour voter. Il y a 902 bureaux de vote en 2024. Les bureaux de vote sont le plus souvent localisés dans les mairies d’arrondissement, les établissements scolaires et les gymnases. Localisation des bureaux de vote issus de SIEL (système d’information des élections). Le bureau de vote est généralement situé dans le secteur du bureau de vote associé. Néanmoins, il existe quelques cas de bureaux de vote situés dans un autre secteur. La couche des bureaux de vote version 2024 est une actualisation de la cou"
paris-autrement-balades-dans-les-arrondissements-peripheriques-poi,Paris autrement - Balades dans les arrondissements périphériques - POI,Commerces et Tourisme,"tourisme,balade",Direction de l'Attractivité et de l'Emploi - Ville de Paris,,,Open Database License (ODbL),2024-03-04,157,"Balades insolites au cœur des 12, 13 et 14ème arrondissements - Jeu de données présentant des parcours et des points d’intérêts sur les trésors cachés de ces arrondissements. Vous retrouverez le jeu de données jumeau ici : Paris autrement - Balades dans les arrondissements périphériques - Parcours Les 2 jeux de données Parcours et POI sont liés par leurs identifiants uniques renseignés dans 2 attributs. - Pour les Parcours : POI associés - Pour les POI : Parcours associés Paris ne serait pas Paris sans la Tour Eiffel, les Champs-Elysées, la Basilique de Sacré-Coeur ou encore Notre Dame… Mais P"
compositions-du-trafic,Compositions du trafic à Paris,Mobilité et Espace Public,"vélos,composition du trafic,poids lourds,2RM",DVD,,,,2024-03-04,14199,"L'Observatoire de la mobilité réalise depuis 1997 une composition du trafic sur une dizaine de voies dans Pairs Intra-Muros, 4 voies sur le boulevard périphérique et 4 sur le boulevard des Maréchaux. ces enquêtes sont réalisées sur 3 jours en novembre entre 7 heures et 21 heures. Les véhicules relevées sont : les voitures particuliers, les véhicules utilitaires, les vélos, les deux roues motorisé et les poids lourds. Lien vers les datavisualisations : compotrafic — Paris Data"
paris-autrement-balades-dans-les-arrondissements-peripheriques-parcours,Paris autrement - Balades dans les arrondissements périphériques - Parcours,Commerces et Tourisme,"tourisme,balade",Direction de l'Attractivité et de l'Emploi - Ville de Paris,,,Open Database License (ODbL),2024-03-04,12,"Balades insolites au cœur des 12, 13 et 14ème arrondissements - Jeu de données présentant des parcours et des points d’intérêts sur les trésors cachés de ces arrondissements. Vous retrouverez le jeu de données jumeau ici : Paris autrement - Balades dans les arrondissements périphériques - POI Les 2 jeux de données Parcours et POI sont liés par leurs identifiants uniques renseignés dans 2 attributs. - Pour les Parcours : POI associés - Pour les POI : Parcours associés Paris ne serait pas Paris sans la Tour Eiffel, les Champs-Elysées, la Basilique de Sacré-Coeur ou encore Notre Dame… Mais Paris "
jsv_perim_restriction_circulation,Paris Respire - Journée sans voiture - 17-09-2023,Mobilité et Espace Public,"circulation,Zones de circulation,Zones piétonnes,Restriction circulation,Paris sans voiture,DICOM",Direction de la Communication - Ville de Paris,,,Open Database License (ODbL),2024-02-27,4,"Jeu de données définissant les périmètres de restriction de la circulation des véhicules à moteur au cours de la ""Journée sans voiture"" . Pour la neuvième édition la Ville de Paris organise la Journée Paris respire le Dimanche 17 septembre 2023, de 11h à 18h. Comme l’année dernière, c’est toute la ville qui est réservée aux circulations non polluantes, vélo, rollers, trottinette, skateboard… aux piétons et usagers des transports en commun. Le 18 septembre, Parisiens et visiteurs pourront donc laisser leur voiture ou leur deux-roues à moteur au parking. Plus d'information sur Paris.fr Cartograp"
votation_suv_2024_bv,"Votation – Votation février 2024 - Pour ou contre la création d'un tarif spécifique pour le stationnement des voitures individuelles lourdes, encombrantes, polluantes ?",Citoyenneté,"résultats,vote,SUV,stationnement","Direction de la Démocratie, des Citoyen.ne.s et des Territoires - Ville de Paris",,,Open Database License (ODbL),2024-02-16,0,"Résultats de la votation du 4 février 2024 par bureau de vote Le dimanche 4 février 2024, la ville de Paris a organisé une consultation citoyenne sur la création d’un tarif de stationnement spécifique pour les SUV. La votation s'est déroulée dans 222 bureaux de vote, répartis sur 38 sites. Ces bureaux de vote, dont le nombre a été proposé par chaque mairie d’arrondissement, a permis de repartir la totalité des électeurs concernés. Il s'agit d'un vote consultatif, placé sous le contrôle d'une commission de contrôle indépendante. Le fichier des résultats de la votation comprend : Nombre d’inscri"
votation_arrondissement_2024_bv,Votation - Votation février 2024 - Résultats - Questions locales,Citoyenneté,"résultats,vote,arrondissement","Direction de la Démocratie, des Citoyen.ne.s et des Territoires - Ville de Paris",,,Open Database License (ODbL),2024-02-16,0,"Résultats - Questions locales par bureau de vote A l’occasion de la votation du dimanche 4 février 2024, plusieurs mairies d’arrondissement ont soumis une question d’intérêt local propre à leur arrondissement. Il s'agit d'un vote consultatif, placé sous le contrôle d'une commission de contrôle indépendante. Les questions locales posées le 4 février 2024 étaient : • Paris Centre : Pour ou contre le réaménagement significatif de la place du Louvre faisant davantage de place aux piétons, à la végétation et aux transports en commun ? • 8e arrondissement : Pour ou contre accélérer la piétonisation "
votation_arrondissement_2024,Votation- Votation février 2024 - Résultats - Questions locales,Citoyenneté,"résultats,vote,arrondissement","Direction de la Démocratie, des Citoyen.ne.s et des Territoires - Ville de Paris",,,Open Database License (ODbL),2024-02-13,0,"Résultats - Questions locales A l’occasion de la votation du dimanche 4 février 2024, plusieurs mairies d’arrondissement ont soumis une question d’intérêt local propre à leur arrondissement. Il s'agit d'un vote consultatif, placé sous le contrôle d'une commission de contrôle indépendante. Les questions locales posées le 4 février 2024 étaient : • Paris Centre : Pour ou contre le réaménagement significatif de la place du Louvre faisant davantage de place aux piétons, à la végétation et aux transports en commun ? • 8e arrondissement : Pour ou contre accélérer la piétonisation et la végétalisatio"
votation_suv_2024,"Votation - Votation février 2024 - Pour ou contre la création d'un tarif spécifique pour le stationnement des voitures individuelles lourdes, encombrantes, polluantes ?",Citoyenneté,"résultats,vote,SUV,stationnement","Direction de la Démocratie, des Citoyen.ne.s et des Territoires - Ville de Paris",,,Open Database License (ODbL),2024-02-09,0,"Résultats de la votation du 4 février 2024 par secteur administratif Le dimanche 4 février 2024, la ville de Paris a organisé une consultation citoyenne sur la création d’un tarif de stationnement spécifique pour les SUV. Il s'agit d'un vote consultatif, placé sous le contrôle d'une commission de contrôle indépendante. Le fichier des résultats de la votation comprend : Nombre d’inscrits Nombre d’émargements Nombre de votants Nombre de votes blanc Nombre de nuls Nombre d’exprimés Nombre de votes Pour Nombre de votes Contre"
deconfinement-parking-relais-doublement-des-places,Déconfinement - Parking relais - Doublement des places,Mobilité et Espace Public,"voirie,circulation,déplacement,mobilité,Stationnement,parking,Confinement,DVD",Direction de la Voirie et des Déplacements - Ville de Paris,,,Open Database License (ODbL),2024-02-07,30,"Aménagements provisoires - Parking relais - doubler le nombre de places dans ses parkings relais et dans les parcs de stationnement aux portes de Paris. Pour éviter un report massif des Parisiens et Franciliens vers la voiture individuelle après le premier confinement, 2000 places réparties dans 30 parcs de stationnement ont été mises à la disposition des titulaires du passe Navigo gratuitement, après inscription. Depuis le 23 juillet 2020, le dispositif des parcs relais a pris son cours initial. « Les infos pratiques sur les parkings relais Consulter la carte de synthèse "" Mobilité : tous les"
zonereseauchaleur,Zone de développement prioritaire du réseau de chaleur,Urbanisme et Logements,chauffage,Direction de la Voirie et des Déplacements - Ville de Paris,,,Open Database License (ODbL),2024-02-07,32729,"Parcelles incluses dans la zone de développement prioritaire du réseau de chaleur À compter du 1er septembre 2022, les bâtiments situés dans le périmètre de développement prioritaire du réseau de chaleur défini par la Ville de Paris doivent obligatoirement s'y raccorder s’il s’agit de nouveaux bâtiments ou de bâtiments existants qui remplacent un système de chauffage collectif. La zone de développement prioritaire est définie comme l’ensemble des parcelles cadastrales dont plus de 50 % de la surface est située à moins de 60 m du réseau de chaleur existant. Ces critères permettent de garantir q"
referentiel-archeologique-de-paris,Référentiel archéologique de Paris,Culture,"Archéologie,Fouille,histoire",Direction des Affaires Culturelles - Ville de Paris,,,Open Database License (ODbL),2024-01-31,1811,"Jeu de données présentant le référentiel archéologique parisien. Le projet R&CAP ( Référentiel et Cartographie de l’Archéologie Parisienne ) bénéficie de la collaboration de l’Inrap, de la Drac Île-de-France et du CNRS (UMR 7041 ArScAn) et fédère de nombreux archéologues et historiens travaillant sur l’histoire de Paris. Il a pour objectif de mettre à disposition des chercheurs et du grand public un inventaire actualisé des découvertes archéologiques , qui sera régulièrement enrichi et valorisé sous la forme de récits thématiques. De nombreuses sources de données ont été analysées, allant des "
algorithmes,Algorithmes de la Ville de Paris,,,Direction des Systèmes d’Information et du Numérique - Ville de Paris,,,Open Database License (ODbL),2024-01-18,5,"Informations La loi pour une République numérique, et plus récemment le Règlement sur la protection des données à caractère personnel (RGPD) ont introduit de nouvelles dispositions concernant les algorithmes publics. Ces dispositions visent à introduire une plus grande transparence et une plus grande redevabilité de l'administration dans l'usage de ces systèmes, en particulier quand ils sont utilisés pour prendre des décisions. Dans le cadre de ces missions, la Ville de Paris utilise des algorithmes pour proposer des annonces de logement sociaux ou calculer des cotations concernant l’attributi"
liste_des_prenoms,Prénoms déclarés,Citoyenneté,"Prénoms,bébés,paris,état-civil","Direction de la Démocratie, des Citoyen.ne.s et des Territoires - Ville de Paris",,,Open Database License (ODbL),2024-01-12,27899,Liste des prénoms déclarés à l'état-civil de 2004 à 2023 sur la Ville de Paris. Seuls les prénoms dont l'occurrence est supérieure à 5 ont été présentés
les-titres-les-plus-pretes,Les titres les plus prêtés dans les bibliothèques de prêt,Culture,"bibliothèques,livres,documents,CD,références,prêt,Multimédia,DAC",Direction des Affaires Culturelles - Ville de Paris,,,Open Database License (ODbL),2023-12-01,842,"Les références les plus empruntées en 2022 au sein des bibliothèques municipales de la ville de Paris. Attention, tenir compte dans l'interprétation du nombre d'exemplaires,qui joue un rôle important. Ainsi les titres jeunesse sont présents en nombre d'exemplaires très élevé, ce qui explique la prédominance de ces titres dans la liste. La mise de ce jeu de données est annuelle. En pièce jointe, vous trouverez le même fichier au format xlsx contenant les liens vers les œuvres."
concertation-numerique-lenglen-prend-de-l-elan-phase-2-questionnaire-2023,Concertation numérique - Lenglen prend de l'élan - phase 2 - Questionnaire – 2023,Urbanisme et Logements,"démocratie participative, consultation, questionnaire, parc Suzanne Lenglen, 15è arrondissement",AMO Ville Ouverte – Direction de l’urbanisme Ville de Paris,,,Open Database License (ODbL),2023-11-13,341,"Suite à la première phase de concertation de 2021 sur le parc Suzanne-Lenglen et son extension, une deuxième phase réglementaire de concertation s’est tenue de février à juillet 2023. A cette occasion a été mis en place un questionnaire en ligne, disponible de février 2023 à juin 2023, permettant à toute personne de contribuer librement à la concertation. Plusieurs thèmes étaient abordés : les activités récréatives du parc, les pratiques sportives, les aménagements et les usages liés à la nature, l’accessibilité et la visibilité du parc ainsi qu’un zoom sur la préfiguration des nouveaux usages"
perimetresqaa,Périmètre des quartiers d'accessibilité augmentée,Mobilité et Espace Public,Jeux Olympiques,Ville de Paris,,,Open Database License (ODbL),2023-11-13,17,"Les Jeux au service de la mise en accessibilité de Paris Afin d’accélérer la mise en accessibilité de la capitale, la Ville de Paris se mobilise à travers la démarche Quartiers d’accessibilité augmentée. D’ici les Jeux Olympiques et Paralympiques, 17 quartiers « exemplaires », un dans chaque arrondissement, permettront aux Parisiens et aux visiteurs, quelle que soit leur situation (familles avec poussettes, personnes âgées, personnes en situation de handicap...), de se déplacer plus facilement pour accéder à un ensemble de services publics essentiels, disponibles dans un rayon de moins d’un qu"
horodateurs-mobiliers,Horodateurs - Mobiliers,Mobilité et Espace Public,"horodateurs,Mobilier urbain,Stationnement,DVD",Direction de la Voirie et des Déplacements - Ville de Paris,,,Open Database License (ODbL),2023-10-24,3668,"Jeu de données géographique et descriptif relatif aux horodateurs de la Ville de Paris. Ces fichiers sont extraits du logiciel de Système de Gestion Centralisé des Horodateurs SGCH Cartographie des horodateurs Au bas de cette notice, la définition du schéma de données. Fréquence de mise-à-jour : annuel, semestriel ou trimestriel suivant les modifications terrain."
travaux_equipements_publics,Travaux engagés sur les équipements publics,"Equipements, Services, Social","rénovation,Equipements,travaux",Direction Constructions Publiques et Architecture - Ville de Paris,,,Open Database License (ODbL),2023-10-16,436,Travaux engagés sur les équipements publics Ce jeu de données présente la localisation des travaux en cours ou terminés sur les équipements publics de la Ville de Paris.
les-1000-titres-les-plus-reserves-dans-les-bibliotheques-de-pret,Les 1000 titres les plus réservés dans les bibliothèques de prêt,Culture,"bibliothèques,livres,documents,CD,références,réservation,prêt,DAC,Multimédia",Direction des Affaires Culturelles - Ville de Paris,,,Open Database License (ODbL),2023-10-13,1000,"Les 1000 références les plus réservées en 2022 au sein des bibliothèques municipales de la ville de Paris. La mise de ce jeu de données est annuelle. En pièce jointe, vous trouverez le même fichier au format xlsx contenant les liens vers les œuvres."
postes-publics-logiciels-disponibles,Postes publics des bibliothèques: logiciels disponibles,Culture,"bibliothèques,postes publics,logiciels",Direction des Affaires Culturelles - Ville de Paris,,,Open Database License (ODbL),2023-10-05,72,Logiciels présents sur les postes publics des bibliothèques de prêt et spécialisées.
postes-publics-des-bibliotheques,Postes publics des bibliothèques,Culture,"bibliothèques,postes publics,Paris",Direction des Affaires Culturelles - Ville de Paris,,,Open Database License (ODbL),2023-10-05,266,Liste des postes publics des bibliothèques de prêt et spécialisées.
statistiques-des-documents-numerises-des-bibliotheques-patrimoniales,Statistiques des documents numérisés des bibliothèques patrimoniales,Culture,"bibliothèques,patrimoine,images,78 tours,estampes,catalogues commerciaux,dessins,cartes postales,catalogues d'exposition",Direction des Affaires Culturelles - Ville de Paris,,,Open Database License (ODbL),2023-10-05,10,"Les documents d'archives des bibliothèques patrimoniales de la Ville de Paris ont été numérisées et continuent à l'être. Des dessins, estampes, catalogues commerciaux, d'exposition, cartes postales mais aussi des 78 tours sont ainsi disponibles en consultation sur le portail des bibliothèques spécialisées. Le tableau statistique répertorie les + de 1 millions d'images par type de document."
qualite-de-l-air-indice-citeair-jusqu-a-2020,Qualité de l'air - Indice CITEAIR jusqu’à 2020,Environnement,"Climat,plan climat,pollution,polluant,air,Qualité de l'air,indice journalier,DTEC",Direction de la Transition Écologique et du Climat - Ville de Paris,LocalAuthority,,Open Database License (ODbL),2023-08-22,8,"Jeu de données exposant les indices CITEAIR – Qualité de l’air calculés de 2013 à 2020 L’indice CITEAIR ( C ommon I nformation T o E uropean AIR ) n’est plus d’actualité. Il est remplacé par l’indice ATMO depuis le 1er janvier 2021. Voir le jeu de données : Qualité de l'air - Indice ATMO à partir de 2021 L’indice de pollution CITEAIR intégrait les polluants les plus problématique et réglementés en Europe. Les polluants obligatoires sont le NO 2 , les PM10 et l’ozone. Les données de CO, PM2,5 et SO2 étaient facultatives. Il se déclinait en une échelle de 5 couleurs allant du vert au rouge, corr"
qualite-de-l-air-concentration-moyenne-no2-pm2-5-pm10,Qualité de l'air - Concentration moyenne - NO2 - PM2.5 - PM10 - O3 de 2004 à 2014,Environnement,"Climat,plan climat,pollution,polluant,air,Qualité de l'air,concentration,NO2,PM2.5,PM10,zone 30,O3,Qualité environnementale,DTEC",Direction de la Transition Écologique et du Climat - Ville de Paris,LocalAuthority,,Open Database License (ODbL),2023-08-22,11,"Jeu de données sur les concentrations moyennes annuelles de polluants (moyenne glissante des 3 dernières années) pour le dioxyde d’azote NO2, les particules PM10, les particules fines PM2.5 et l'Ozone O3 de 2004 à 2014 Airparif surveille et analyse au quotidien l’évolution sur le long terme des niveaux de pollution selon les polluants, et en particulier les polluants réglementés, pour chaque année et sur toutes les communes franciliennes. Les concentrations des polluants réglementés diminuent depuis quelques années sur Paris et l’Île-de-France. Toutefois, les concentrations en particules et en"
emprise-batie-et-non-batie,Emprises bâties et non baties,Urbanisme et Logements,"bati,batiments,bâtiment,DU",Direction de l'Urbanisme - Ville de Paris,,,Open Database License (ODbL),2023-07-28,494927,Donnée vecteur qui permet de différencier les emprises bâties des emprises non bâties. Une notice descriptive est disponible en pièce jointe.
donnees-annuellesasupp,Observatoire Parisien des Mobilités - Bilan des déplacements : données annuelles,Mobilité et Espace Public,"DVD,vélos,trottinettes,piétons",Direction de la Voirie et des Déplacements - Ville de Paris,,,Open Database License (ODbL),2023-06-12,22,Jeu de données regroupant une partie des indicateurs annuels du bilan des déplacements publié par l'Observatoire des déplacements de la Ville de Paris depuis 1990. Certaines données accessibles ici remontent à 2004. Les indicateurs sont illustrés et l es derniers bilans sont téléchargeables sur la page Bilan des déplacements à Paris. l
donnees-annuelles,Observatoire Parisien des Mobilités - Bilan des déplacements : données annuelles,Mobilité et Espace Public,"DVD,vélos,trottinettes,piétons",Direction de la Voirie et des Déplacements - Ville de Paris,,,Open Database License (ODbL),2023-06-12,24,Jeu de données regroupant une partie des indicateurs annuels du bilan des déplacements publié par l'Observatoire des déplacements de la Ville de Paris depuis 1990. Certaines données accessibles ici remontent à 2018. Les indicateurs sont illustrés et l es derniers bilans sont téléchargeables sur la page Bilan des déplacements à Paris. l
observatoire-parisien-des-mobilites-bilan-des-deplacements-donnees-horaires,Observatoire Parisien des Mobilités - Bilan des déplacements : données horaires,Mobilité et Espace Public,"DVD,vélos,piétons,trottinettes",Direction de la Voirie et des Déplacements - Ville de Paris,,,Open Database License (ODbL),2023-06-12,96,Jeu de données regroupant une partie des données horaires du bilan des déplacements publié par l'Observatoire des déplacements de la Ville de Paris depuis 1990. Certaines données accessibles ici remontent à 2021. Les indicateurs sont illustrés et l es derniers bilans sont téléchargeables sur la page Bilan des déplacements à Paris.
plu-annexes-projets-urbains-partenariaux,PLU - Annexes - Projets urbains partenariaux,Urbanisme et Logements,"PLU,DU",Direction de l'Urbanisme - Ville de Paris,,,Open Database License (ODbL),2023-06-06,17,"Périmètres fixés par les conventions de projet urbain partenarial (PUP) Informations annexées au PLU de Paris Version du PLU arrêtée le 24 novembre 2022, applicable à partir du 13 décembre 2022. Documentation complète : cf. PLU_ANX_PUP.PDF en pièce jointe Données disponibles pour information et sans valeur réglementaire. Pour accéder au PLU officiel (en PDF), consulter www.pluenligne.fr Pour accéder aux autres données du PLU disponibles sur l'Opendata, consulter cette page Pour plus d'information sur le PLU sur Paris.fr et sa carte dédiée Les documents et données du PLU sont également téléchar"
bilan-donnees-mensuelles,Observatoire Parisien des Mobilités - Bilan des déplacements : données mensuelles,Mobilité et Espace Public,"mobilité,déplacement,vélos,piétons,Tableau de bord",Direction de la Voirie et des Déplacements - Ville de Paris,,,Open Database License (ODbL),2023-05-26,96,Jeu de données regroupant une partie des indicateurs mensuels du bilan des déplacements publié par l'Observatoire des déplacements de la Ville de Paris. Les indicateurs sont illustrés et l es derniers bilans ont téléchargeables sur la page Bilan des déplacements à Paris
bilan-donnees-annuelles-par-site,Observatoire Parisien des Mobilités - Bilan des déplacements : données annuelles par site,Mobilité et Espace Public,"vélos,déplacement,DVD",Direction de la Voirie et des Déplacements - Ville de Paris,,,Open Database License (ODbL),2023-05-26,714,Jeu de données regroupant une partie des indicateurs du bilan des déplacements publié par l'Observatoire des déplacements de la Ville de Paris depuis 1990. Certaines données accessibles ici remontent à 2018. Les indicateurs sont illustrés et l es derniers bilans sont téléchargeables sur la page Bilan des déplacements à Paris. l
formulaire-de-contact-de-la-ville-de-paris-messages-sur-13-mois-glissants,Formulaire de contact de la Ville de Paris – Messages sur 13 mois glissants,Citoyenneté,"Formulaire de contact,Relation à l'usager(ère),Messages des parisiens",,,,,2023-05-17,281988,"La Ville de Paris propose aux usagers de contacter les services via un formulaire numérique. Les demandes des usagers sont alors redirigées vers le service adéquat. Dans ce jeu de données, vous retrouverez l’ensemble des messages adressés à la Ville de J-16 mois à J-3 mois."
lieux-de-tournage-a-paris,Lieux de tournage à Paris,Culture,"Cinéma,séries ,téléfilms,Tournages,Mission cinéma,décor",Direction des Affaires Culturelles - Ville de Paris,,,Open Database License (ODbL),2023-05-15,14760,"Jeu de données inventoriant les lieux de tournage de film à Paris Lieux de tournage de scène en extérieur à Paris depuis 2016. Les données de l'année en cours ne sont pas publiées. Les tournages désignent les longs métrages, les séries et les téléfilms, réalisés à l’extérieur. Les lieux de tournage de l’année en cours ne sont pas diffusés. Depuis 2017, les informations sont issues de l’application AGATE, application d'instruction des demandes de tournage utilisée par la Mission Cinéma."
statistiques-des-jours-des-mariages,Statistiques des jours des mariages,Citoyenneté,"mariage,DDCT","Direction de la Démocratie, des Citoyen.ne.s et des Territoires - Ville de Paris",,,Open Database License (ODbL),2023-04-19,91,Statistiques des jours de mariage dans les mairies parisiennes.
votation-trottinette-2023,Votation - Votation avril 2023 - Pour ou contre les trottinettes en libre-service à Paris ?,Citoyenneté,"résultats,vote,trottinettes","Direction de la Démocratie, des Citoyen.ne.s et des Territoires - Ville de Paris",,,Open Database License (ODbL),2023-04-04,0,"Résultats de la votation- Pour ou contre les trottinettes en libre-service à Paris ? du 2 avril 2023 par secteur administratif Le dimanche 2 avril 2023, la ville de Paris a organisé une consultation citoyenne sur l'avenir de l'usage de trottinettes en libre-service. Il s'agit d'un vote consultatif, placé sous le contrôle d'une commission de contrôle indépendante. Le fichier des résultats de la votation comprend : Nombre d’inscrits Nombre d’émargements Nombre de votants Nombre de votes blanc Nombre de nuls Nombre d’exprimés Nombre de votes Pour Nombre de votes Contre"
concertation-numerique-lenglen-prend-de-l-elan-phase-1-questionnaire-2021,Concertation numérique - Lenglen prend de l'élan - phase 1 - Questionnaire - 2021,Urbanisme et Logements,"Démocratie participative,consultation,15e,arrondissement",Direction de l'Urbanisme - Ville de Paris,,,Open Database License (ODbL),2023-04-03,266,"Données issues de la campagne de concertation numérique suivante : ""Lenglen prend de l'élan"" Une phase d’immersion et de diagnostic des usages informels s’est tenue entre les mois de mai et septembre 2021 pour nourrir le programme d’orientations pour l’extension du parc Suzanne Lenglen, conçu par le groupement de l’agence d’architecture et d’urbanisme Güller et Güller. Cette phase de diagnostic a permis d’approfondir les enjeux du secteur avec les usagers en recueillant leurs constats et leurs attentes."
catalog,Catalogue des jeux de données,,,,,,,2023-02-20,759,Jeu de données Catalogue pour la page catalogue personnalisée
cours-oasis,Cours Oasis,"Equipements, Services, Social","écoles,rénovation",Direction des Affaires Scolaires - Ville de Paris,,,Open Database License (ODbL),2023-01-11,203,"Cours Oasis Les cours de récréation des écoles et collèges parisiens sont progressivement transformées en « oasis ». L'objectif est de créer des espaces rafraîchis, plus agréables à vivre au quotidien et mieux partagés par tous. Les cours Oasis constituent une nouvelle méthode de rénovation des cours des établissements scolaires et permettent d’envisager de nouveaux usages pour celles-ci."
zones-gel-travaux,JOP 2024 - Limitations de travaux voirie-réseaux,Mobilité et Espace Public,"Jeux Olympiques,voirie,réseaux",Direction de la Voirie et des Déplacements - Ville de Paris,,,Open Database License (ODbL),2023-01-11,3,"Limitations de travaux voirie-réseaux Pour garantir la préparation et le déroulement des Jeux Olympiques et Paralympiques de Paris 2024 dans de bonnes conditions, pour des questions de sécurité publique, de qualité des espaces publics, de circulation et de déplacement, la Ville de Paris sera amenée à limiter les chantiers de voirie et de réseaux à Paris entre le 15 mars et le 30 octobre 2024. Phase 1 : 1 er septembre 2023 au 15 mars 2024 Vigilance sur les travaux (préservation des réseaux sensibles et nécessaires au déroulement des JOP) Il sera demandé aux opérateurs de réseaux de déposer des "
limitation-gels-travaux-batiment-jop24,JOP 2024 - Limitations de travaux bâtiment,Mobilité et Espace Public,"Jeux Olympiques,batiments,voirie",Direction de la Voirie et des Déplacements - Ville de Paris,,,Open Database License (ODbL),2023-01-11,1,"Limitations de travaux bâtiment Pour garantir la préparation et le déroulement des Jeux Olympiques et Paralympiques de Paris 2024 dans de bonnes conditions, la Ville de Paris pourra être amenée, en application du Règlement de voirie , à limiter pour motif d’intérêt général les emprises sur l’espace public des chantiers de bâtiment entre le 15 juin et le 15 septembre 2024 sur les périmètres représentés sur la carte. Au sein de ces périmètres, pour les emprises sur l’espace public nécessaires à des chantiers de bâtiment, autorisés et démarrés avant le 15 juin 2024, une attention particulière à l"
projets,Projets,,,,,,,2023-01-10,4,
reutilisations,Réutilisations,,,,,,,2023-01-06,7,
conseillers-de-paris,Conseillers.ère.s de Paris,Citoyenneté,"conseil de Paris,élu,délégation,groupe politique,DDCT",,,,Licence Ouverte (Etalab),2023-01-03,163,Liste des élu.e.s du Conseil de Paris de la mandature 2020 - 2026 Vous retrouverez dans ce jeu de données: La Maire Les Adjoint·e·s à la maire Les Conseiller·ère·s de Paris Les Conseiller·ère·s métropolitain·e·s Plus d'information sur la Municipalité parisienne
circulationbppim,Circulation Boulevard Périphérique et Paris intra-muros,Mobilité et Espace Public,"DVD,mobilité,circulation,Boulevard périphérique,Paris Intra Muros,vitesse",Direction de la Voirie et des Déplacements - Ville de Paris,,,Open Database License (ODbL),2022-11-09,60,Jeu de données regroupant les indicateurs de circulation dans Paris intra-muros et sur le boulevard périphérique publiés par l'Observatoire des déplacements de la Ville de Paris depuis 2019. Les indicateurs sont illustrés sur la page 30 km/h
accidentologie0,Accidentologie : base victimes,Mobilité et Espace Public,"DVD,piétons,vélos,accident,victimes,trottinettes,EDP",Direction de la Voirie et des Déplacements - Ville de Paris,,,Open Database License (ODbL),2022-10-27,33551,"Données issues de l’application nationale TRAxy (système d’information de l’observatoire national interministériel à la sécurité routière (ONISR)) Pour chaque accident corporel (soit un accident survenu sur une voie ouverte à la circulation publique, impliquant au moins un véhicule et ayant fait au moins une victime ayant nécessité des soins), des saisies d’information décrivant l’accident sont effectuées par l’unité des forces de l’ordre (police, gendarmerie, etc.) qui est intervenue sur le lieu de l’accident. Ces saisies sont rassemblées dans une fiche intitulée bulletin d’analyse des accide"
stationnement-sur-voie-publique-zones-tarifaires,Stationnement sur voie publique - zones tarifaires,Mobilité et Espace Public,"Stationnement,tarif,stationnement payant,DVD",Direction de la Voirie et des Déplacements - Ville de Paris,,,Open Database License (ODbL),2022-10-24,2,"Zones tarifaires du stationnement payant À Paris, les usagers peuvent stationner leur véhicule en surface en s’acquittant d’une redevance de stationnement. Il existe différents tarifs : résident, visiteur, poids-lourds… Ce jeu de données présente les principaux tarifs des visiteurs, selon les secteurs de Paris : Véhicules légers (VL) de moins de 3,5 tonnes Deux-roues motorisés (2RM) « SUV », objet d’une tarification spécifique à partir du 01/10/2024 (pour toute information sur les véhicules concernés : Tarifs « SUV », modalités de contrôle… Ce qui change - Ville de Paris) Pour tout savoir sur "
elections-legislatives-2022-2emetour,Elections - Législatives 2022 - 2èmeTour,Citoyenneté,"résulats,élection,scrutin,vote,législatives","Direction de la Démocratie, des Citoyen.ne.s et des Territoires - Ville de Paris",,,Open Database License (ODbL),2022-06-19,0,"Résultats du 2ème tour des élections législatives du 19 juin 2022 par bureau de vote, quartier, arrondissement et circonscription. Vous retrouverez : Nombre de procurations Nombre d’inscrits Nombre d’émargements Nombre de votants Nombre de blancs Nombre de nuls Nombre d’exprimés Les résultats pour chaque candidat Un identifiant ID_BVOTE permet de réaliser une jointure avec le jeu de données géographiques des secteurs de bureaux de vote Conformément à l’article R 40-1 du code électoral, les résultats du bureau de vote à caractère dérogatoire sont disponibles dans l’Open-data sous la référence 1"
elections-legislatives-2022-1ertour,Elections - Législatives 2022 - 1erTour,Citoyenneté,"résulats,élection,scrutin,vote,législatives","Direction de la Démocratie, des Citoyen.ne.s et des Territoires - Ville de Paris",,,Open Database License (ODbL),2022-06-12,0,"Résultats du 1er tour des élections législatives du 12 juin 2022 par bureau de vote, quartier, arrondissement et circonscription. Vous retrouverez : Nombre de procurations Nombre d’inscrits Nombre d’émargements Nombre de votants Nombre de blancs Nombre de nuls Nombre d’exprimés Les résultats pour chaque candidat Un identifiant ID_BVOTE permet de réaliser une jointure avec le jeu de données géographiques des secteurs de bureaux de vote Conformément à l’article R 40-1 du code électoral, les résultats du bureau de vote à caractère dérogatoire sont disponibles dans l’Open-data sous la référence 12"
secteurs-des-bureaux-de-vote-leg-2022,Secteurs des bureaux de vote - Législatives 2022,Citoyenneté,"bureau de vote,votes,suffrages,DDCT,élection","Direction de la Démocratie, des Citoyen.ne.s et des Territoires - Ville de Paris",,,Open Database License (ODbL),2022-06-10,899,"Sectionnement des bureaux de vote en cours . Représentation des emprises des secteurs géographiques auxquelles sont rattachés les électeurs d’un bureau de vote. Le sectionnement 2022 comprend 899 secteurs. Conformément à l’article R 40-1 du code électoral, les résultats du bureau de vote à caractère dérogatoire sont disponibles dans l’Open-data sous la référence 12-99. Couche surfacique des secteurs de bureau de vote issue de SIEL (système d’information des élections) délimités par le Bureau des Élections et du Recensement de la Population de la Direction de la Démocratie, des Citoyen·ne·s et "
defibrillateurs,Défibrillateurs de la Ville de Paris,"Equipements, Services, Social","assistance,secours","Direction de l'Action Sociale, de l'Enfance et de la Santé - Ville de Paris",,,Open Database License (ODbL),2022-05-17,791,"Localisation des défibrillateurs automatiques gérés par la Ville de Paris Pour définir le programme d’installation des défibrillateurs à Paris une étude a été réalisée par le SAMU 75, la Brigade des sapeurs-pompiers de Paris et le Centre de référence de la mort subite. L’essentiel des arrêts cardiaques surviennent aux abords des gares, sur les lieux publics présentant un flux important de personnes (grands boulevards, grandes places notamment lors des rassemblements, nœuds d’interconnexion des transports en commun), ainsi que dans les bois et parcs fréquentés par les sportifs (Bois de Vincenne"
plan-velo-2026,Plan Vélo 2021-2026,Mobilité et Espace Public,"vélo,bande cyclable,piste cyclable",Direction de la Voirie et des Déplacements - Mission Vélo - Ville de Paris,,,Open Database License (ODbL),2022-05-03,323,Jeu de données présentant le Plan Vélo 2021-2026 tel que présenté au conseil de Paris en octobre 2021. En savoir plus sur le Plan Vélo sur Paris.fr
plu-annexes-servitudes-dalignement,PLU - Annexes - Servitudes d'alignement,Urbanisme et Logements,"PLU,DU",Direction de l'Urbanisme - Ville de Paris,,,Open Database License (ODbL),2022-04-27,8,"Servitudes d'alignement annexées au PLU de Paris. Version du PLU arrêtée le 24 novembre 2022, applicable à partir du 13 décembre 2022. Documentation complète : cf. PLU_ANX_SERV_ALIGN.PDF en pièce jointe Données disponibles pour information et sans valeur réglementaire. Pour accéder au PLU officiel (en PDF), consulter www.pluenligne.fr Pour accéder aux autres données du PLU disponibles sur l'Opendata, consulter cette page Pour plus d'information sur le PLU sur Paris.fr et sa carte dédiée Les documents et données des servitudes d'alignement sont également téléchargeables sur le Géoportail Nation"
elections-presidentielles-2022-2emetour,Elections - Présidentielles 2022 - 2ème Tour,Citoyenneté,"résultats,élection,scrutin,vote,DDCT,présidentielles","Direction de la Démocratie, des Citoyen.ne.s et des Territoires - Ville de Paris",,,Open Database License (ODbL),2022-04-25,899,"Résultats du 2ème tour des élections présidentielles du 24 avril 2022 par bureau de vote. Vous retrouverez : Nombre d’inscrits Nombre de votants Nombre de blancs Nombre de nuls Nombre d’exprimés Les résultats pour chaque candidat Un identifiant ID_BVOTE permet de réaliser une jointure avec les jeux de données géographiques des secteurs de bureaux de vote Ces résultats correspondent aux extraits le soir de scrutin du Système d'information élection de la Ville de Paris (""Paris Vote"" depuis 2017). Nous attirons l'attention des utilisateurs sur le fait que des écarts peuvent exister entre les résu"
elections-presidentielles2022-1ertour,Elections - Présidentielles 2022 - 1erTour,Citoyenneté,"résultats,élection,scrutin,vote,DDCT,présidentielles","Direction de la Démocratie, des Citoyen.ne.s et des Territoires - Ville de Paris",,,Open Database License (ODbL),2022-04-11,899,"Résultats du 1er tour des élections présidentielles du 10 avril 2022 par bureau de vote. Vous retrouverez : Nombre d’inscrits Nombre de votants Nombre de blancs Nombre de nuls Nombre d’exprimés Les résultats pour chaque candidat Un identifiant ID_BVOTE permet de réaliser une jointure avec les jeux de données géographiques des secteurs de bureaux de vote Ces résultats correspondent aux extraits le soir de scrutin du Système d'information élection de la Ville de Paris (""Paris Vote"" depuis 2017). Nous attirons l'attention des utilisateurs sur le fait que des écarts peuvent exister entre les résul"
secteurs-des-bureaux-de-vote-en-2021,Secteurs des bureaux de vote en 2021,Citoyenneté,"suffrages,élection,DDCT","Direction de la Démocratie, des Citoyen.ne.s et des Territoires - Ville de Paris",,,Open Database License (ODbL),2022-03-30,898,"Sectionnement des bureaux en 2021 . Emprises des secteurs géographiques auxquelles sont rattachés les électeurs d’un bureau de vote. Le sectionnement 2021 comprend 898 secteurs. Les secteurs de bureau de votes sont délimités par le Bureau des Élections et du Recensement de la Population de la Direction de la Démocratie, des Citoyen·ne·s et des Territoires (DDCT) depuis le système d’information des élections (SIEL). Couche surfacique des secteurs de bureau de vote issue de SIEL. Les limites des secteurs ne passent pas nécessairement dans l’axe des voies, ne s’appuient pas sur des limites de bât"
secteurs-des-bureaux-de-vote,Secteurs des bureaux de vote 2022,Citoyenneté,"bureau de vote,votes,suffrages,DDCT,élection","Direction de la Démocratie, des Citoyen.ne.s et des Territoires - Ville de Paris",,,Open Database License (ODbL),2022-03-30,899,"Représentation des emprises des secteurs géographiques auxquelles sont rattachés les électeurs d’un bureau de vote. Le sectionnement 2022 comprend 899 secteurs. Conformément à l’article R 40-1 du code électoral, les résultats du bureau de vote à caractère dérogatoire sont disponibles dans l’Open-data sous la référence 15-99. Les résultats du vote des personnes détenues ne sont pas comptabilisés par la Ville de Paris (Cf. site du ministère de l’Intérieur). Couche surfacique des secteurs de bureau de vote issue de SIEL (système d’information des élections) délimités par le Bureau des Élections e"
bureaux-de-votes,Bureaux de vote 2022,Citoyenneté,"bureau de vote,vote,scrutin,DDCT,élection","Direction de la Démocratie, des Citoyen.ne.s et des Territoires - Ville de Paris",,,Open Database License (ODbL),2022-03-30,899,"Lieu où les personnes inscrites sur les listes électorales se déplacent pour voter. Il y a 899 bureaux de vote en 2022. Les bureaux de vote sont le plus souvent localisés dans les mairies d’arrondissement, les établissements scolaires et les gymnases. Localisation des bureaux de vote issus de SIEL.( système d’information des élections ) Le bureau de vote est généralement situé dans le secteur du bureau de vote associé. Néanmoins, il existe quelques cas de bureaux de vote situés dans un autre secteur. La couche des bureaux de vote version 2022 est une actualisation de la couche des bureaux de v"
bureaux-de-vote-en-2021,Bureaux de vote en 2021,Citoyenneté,"suffrages,DDCT","Direction de la Démocratie, des Citoyen.ne.s et des Territoires - Ville de Paris",,,Open Database License (ODbL),2022-03-30,898,"Localisation des bureaux de vote en 2021 Lieu où les personnes inscrites sur les listes électorales se déplacent pour voter. Il y a 898 bureaux de vote en 2021. Les bureaux de vote sont le plus souvent localisés dans les mairies d’arrondissement, les établissements scolaires et les gymnases. Localisation des bureaux de vote issus de SIEL.( système d’information des élections ) Le bureau de vote est généralement situé dans le secteur du bureau de vote associé. Néanmoins, il existe quelques cas de bureaux de vote situés dans un autre secteur. La couche des bureaux de vote version 2021 est une ac"
barometre_aiparif_2021v2,Baromètre Airparif (indicateur ATMO),Mobilité et Espace Public,Qualité de l'air,Direction de la Voirie et des Déplacements - Ville de Paris,,,Open Database License (ODbL),2022-03-09,126,"Données Airparif reprises dans le baromètre trimestriel des déplacements de la Ville de Paris (station du 4e arrondissement) L'indice ATMO, adopté par le Ministère de la Transition Ecologique, est un indicateur journalier qualificatif de la qualité de l’air. Il fournit une information synthétique sous une forme simple sur le niveau de la pollution de l'air ambiant, en agrégeant des données de concentrations de plusieurs polluants atmosphériques. Il intègre les principaux polluants atmosphériques réglementés, traceurs des activités de transport, urbaines et industrielles : poussières PM10 et PM"
adresses_des_panneaux_cq,Adresses des panneaux d'affichage des Conseils de Quartier,Citoyenneté,"Affichage,panneau,quartier,Conseil de quartier,conseil,DDCT","Direction de la Démocratie, des Citoyen.ne.s et des Territoires - Ville de Paris",,,Open Database License (ODbL),2022-02-10,215,Liste des panneaux d'affichage des Conseils de Quartier. Le jeu de données précise: - Le type de panneau - L'adresse - Le conseil de quartier responsable du panneau - Les personnes à contacter Les lignes vides dans le jeu de données signifient qu'il n'y a pas de panneaux dans l'arrondissement en question. Consultez l'annuaire des conseils de quartier : http://www.paris.fr/participez/participation-citoy...
algorithmes-de-la-ville-de-paris-copie,Algorithmes de la Ville de Paris - copie,,,Direction des Systèmes d’Information et du Numérique - Ville de Paris,,,Open Database License (ODbL),2022-01-10,5,"Informations La loi pour une République numérique, et plus récemment le Règlement sur la protection des données à caractère personnel (RGPD) ont introduit de nouvelles dispositions concernant les algorithmes publics. Ces dispositions visent à introduire une plus grande transparence et une plus grande redevabilité de l'administration dans l'usage de ces systèmes, en particulier quand ils sont utilisés pour prendre des décisions. Dans le cadre de ces missions, la Ville de Paris utilise des algorithmes pour proposer des annonces de logement sociaux ou calculer des cotations concernant l’attributi"
conseillerseres-darrondissements,Conseillers.ère.s d'arrondissements,Citoyenneté,"DDCT,élu,Conseil d'arrondissement,délégation,arrondissement",,,,Open Database License (ODbL),2021-12-01,390,Liste des élu.e.s des Conseils d'arrondissements de Paris de la mandature 2020 - 2026 Vous retrouverez dans ce jeu de données : Le ou La Maire Les Adjoint·e·s Les Conseiller·ère·s délégué.e.s Les délégations Plus d'information sur les Conseils d'arrondissements
budgets-votes-etats-speciaux-darrondissements-m57-ville,Budgets votés - Etats Spéciaux d’Arrondissements à partir de 2018,Administration et Finances Publiques,"budget,finances,DFA",Direction des Finances et des Achats - Ville de Paris,,,Open Database License (ODbL),2021-11-25,15791,"Les dépenses et les recettes de chaque conseil d'arrondissement (recettes et dépenses qui correspondent aux équipements de proximité dont ils assurent la gestion ou qui sont mis à leur disposition pour l'exercice de leurs attributions) sont détaillées dans un document dénommé ""état spécial d'arrondissement"" qui est annexé au budget de la Ville de Paris (article L. 2511-37 du CGCT). La loi du 27 février 2002 a en outre ouvert à l’état spécial de chaque arrondissement une section d’investissement (article L. 2511-16 alinéa 5 du CGCT). A l’exclusion de toute autre recette (les arrondissements n’o"
comptage-multimodal-sites-et-trajectoires-de-comptage,"Comptage multimodal (Vélo, Trottinette, 2RM, VL, PL, Autobus-car) - Sites et trajectoires de comptage",Mobilité et Espace Public,"DVD,comptage vélo,comptage routier,IoT,trottinettes,vélo,moto,auto,2RM,mobilité",Direction de la Voirie et des Déplacements - Ville de Paris,,,Open Database License (ODbL),2021-11-17,164,"Jeu de données statiques décrivant les trajectoires liées aux sites de comptages multimodaux (Vélo, Trottinette, 2RM, VL, PL, Autobus-car). La Ville de Paris collecte des données de comptages de véhicules par : Modes de déplacements (Trottinettes, Trottinettes + Vélos (lorsque la distinction entre ces 2 modes de déplacement n’est pas implémenté sur le capteur), Vélos, 2 roues motorisées, Véhicules légers &lt; 3,5 tonnes, Véhicules lourds &gt; 3,5 tonnes, Autobus & autocars), Types de file de circulation (Corona-pistes, Pistes cyclables, Voies de circulation générales), Sens de circulation . Ce"
dechets-menagers-points-dapport-volontaire-stations-trilib_old,OLD - Déchets ménagers - Points d'apport volontaire - Stations Trilib,Environnement,"Ordures ménagères,Point de collecte,Tri,Equipements,DPE,TRILIB",Direction de la Propreté et de l'Eau - Ville de Paris,,,Open Database License (ODbL),2021-10-04,238,"Dépublié le 26/09/2025 Localisation des conteneurs de tri de proximité accessibles 24h/24 – TRILIB’. Ces conteneurs de tri de proximité accessibles 24h/24 permettent de collecter plus et mieux, notamment le verre, les emballages en plastique et en métal, les papiers et les cartons. · Pourquoi Trilib’ ? · Trilib' : comment ça marche ? · Calendrier de déploiement des nouvelles stations Plus d'informations sur Paris.fr"
secteurs-des-bureaux-de-vote-en-2020,Secteurs des bureaux de vote en 2020,Citoyenneté,"bureau de vote,votes,suffrages,DDCT,élection","Direction de la Démocratie, des Citoyen.ne.s et des Territoires - Ville de Paris",,,Open Database License (ODbL),2021-09-10,897,"Sectionnement des bureaux de vote en 2020 Représentation du sectionnement des bureaux de vote applicable à partir de février 2020. Couche surfacique des secteurs de bureau de vote issue de SIEL (système d’information des élections). Les limites des secteurs ne passent pas nécessairement dans l’axe des voies, ne s’appuient pas sur des limites de bâtiments et peuvent couper un îlot. Le tracé tient compte de la localisation des points adresses et vise à englober l’ensemble des points adresses rattachés à un bureau de vote. Les secteurs de bureau de votes sont délimités par le Bureau des Élections"
elections-regionales-2021-1ertour,Elections - Régionales 2021 - 1erTour,Citoyenneté,"résultats,élection,scrutin,vote,régionales,DDCT","Direction de la Démocratie, des Citoyen.ne.s et des Territoires - Ville de Paris",,,Open Database License (ODbL),2021-06-28,898,"Résultats du 1er tour des élections régionales du 20 Juin 2021 par bureau de vote, quartier, arrondissement et circonscription. Vous retrouverez : Nombre de procurations Nombre d’inscrits Nombre d’émargements Nombre de votants Nombre de blancs Nombre de nuls Nombre d’exprimés Les résultats pour chaque candidat Un identifiant ID_BVOTE permet de réaliser une jointure avec les jeux de données géographiques des secteurs de bureaux de vote Ces résultats correspondent aux extraits le soir de scrutin du Système d'information élection de la Ville de Paris ( ""Sigles résultats"" jusqu'en 2015 et de ""Pari"
elections-regionales-2021-2emetour,Elections - Régionales 2021 - 2èmeTour,Citoyenneté,"résultats,élection,scrutin,vote,régionales,DDCT","Direction de la Démocratie, des Citoyen.ne.s et des Territoires - Ville de Paris",,,Open Database License (ODbL),2021-06-28,898,"Résultats du 2ème tour des élections régionales du 27 Juin 2021 par bureau de vote, quartier, arrondissement et circonscription. Vous retrouverez : Nombre de procurations Nombre d’inscrits Nombre d’émargements Nombre de votants Nombre de blancs Nombre de nuls Nombre d’exprimés Les résultats pour chaque candidat Un identifiant ID_BVOTE permet de réaliser une jointure avec les jeux de données géographiques des secteurs de bureaux de vote Ces résultats correspondent aux extraits le soir de scrutin du Système d'information élection de la Ville de Paris ( ""Sigles résultats"" jusqu'en 2015 et de ""Par"
abri-voyageurs-ecrans-connectes,Ecrans connectés,Mobilité et Espace Public,"abris,voyageurs,bus ,DVD",Direction de la Voirie et des Déplacements - Ville de Paris,,,Open Database License (ODbL),2021-06-22,93,Ce jeu de donnée géo-localise les abris voyageurs équipés d'écrans connectés Plus d'information sur ces abris: http://www.paris.fr/services-et-infos-pratiques/in... Le positionnement des abri voyageurs est de 5 à 10 mètres près
budgets-votes-autorisations-de-programmes-a-partir-de-2018-m57-ville-departement,Budgets Votés - Autorisations de Programmes à partir de 2018 (M57 Ville-département),Administration et Finances Publiques,"budget,finances,DFA,AP",Direction des Finances et des Achats - Ville de Paris,,,Open Database License (ODbL),2020-11-25,5761,"En investissement, on distingue la section de règlement de la section d'autorisations de programme. La section de règlement regroupe les crédits de paiement tandis que la section d'AP regroupe toutes les AP. La section d’AP est votée par mission, activité, individualisation. Les individualisations regroupent une ou plusieurs AP. Elles retracent la programmation pluriannuelle des investissements. Les autorisations de programme constituent la limite supérieure des dépenses qui peuvent être engagées en investissement. Elles sont consommées par des engagements comptables et juridiques. La réglemen"
budgets-votes-principaux-a-partir-de-2019-m57-ville-departement,Budgets Votés - Budget Principal à partir de 2019 (M57 Ville-département),Administration et Finances Publiques,"budget,finances,M57,DFA",Direction des Finances et des Achats - Ville de Paris,,,Open Database License (ODbL),2020-11-25,8598,"Présentation des montants en crédits de paiement du budget général de la collectivité parisienne. Le Budget Primitif (BP) est le premier budget voté. Il autorise les dépenses et les recettes pour l’année civile à venir. La section fonctionnement du budget primitif comporte l’ensemble des charges et des produits de la gestion courante de la collectivité. La section d’investissement regroupe toutes les opérations qui affectent la consistance du patrimoine de la collectivité. Pour Paris, étant à la fois une commune et un département, il convient de distinguer le budget municipal du budget départe"
budgets-votes-annexes,Budgets Votés - Budgets Annexes,Administration et Finances Publiques,"budget,DFA",Direction des Finances et des Achats - Ville de Paris,,,Open Database License (ODbL),2020-11-25,8646,"Les budgets annexes, distincts du budget principal proprement dit, mais votés par l’assemblée délibérante, doivent être établis pour certains services locaux spécialisés. A Paris, on recense 5 Budgets Annexes : Eau, Assainissement, Fossoyage, Transports Automobiles Municipaux et Aide Sociale à l'Enfance. Ce dernier relève du budget départemental tandis que les 4 premiers relèvent du budget municipal. Ces budgets permettent d’établir le coût réel d’un service et de déterminer avec précision le prix à payer par ses seuls utilisateurs pour équilibrer les comptes. Le jeu de données contient, par b"
chantiers-a-paris-copie,Historique – chantiers à Paris en 2019,Mobilité et Espace Public,"chantiers,espace public,emprises chantier,Restriction circulation,circulation,stationnement,mobilité",Direction de la Voirie et des Déplacements - Ville de Paris,,,Open Database License (ODbL),2020-09-15,20073,"Historique – chantiers à Paris en 2019 Jeu de données des chantiers en cours en 2019, de la Ville de Paris, des opérateurs de réseaux ainsi que des chantiers privés qui occupent l'espace public parisien. Chaque enregistrement désigne une emprise de chantier. Un chantier peut contenir plusieurs emprises. L’emprise d’un chantier désigne une surface occupée temporairement par des travaux sur l’espace public. Elle correspond à l’espace déclaré par le demandeur (particulier riverain, concessionnaire de service public, maître d'œuvre ou conducteur de travaux, entreprise de BTP...) à l’occasion d’une"
respirons-mieux-dans-le-20eme-donnees-mini-stations,Respirons mieux dans le 20ème - Données mini-stations,Environnement,Qualité de l'air,Airparif,,,Open Database License (ODbL),2020-09-11,8760,"Jeu de données des mini-stations comparées aux stations de référence d'Airparif. Ces données exposent le taux horaire de dioxyde d’azote (NO2) en µg/m3 mesuré par des mini-stations réparties dans le 20ème arrondissement, c omparé à ceux de 2 stations de référence Airparif du 1er janvier au 31 décembre 2019. Présentation du projet dans le cadre du Budget Participatif de la Ville de Paris. Actualité de lancement du projet sur le site Airparif Parmi les 13 stations de référence d’Airparif situées à Paris, 2 stations ont été utilisées pour comparer les mesures des mini-stations : BP Est (Boulevard"
elections-municipales-2020-2emetour,Elections - Municipales 2020 - 2èmeTour,Citoyenneté,"résulats,élection,scrutin,vote,municipales","Direction de la Démocratie, des Citoyen.ne.s et des Territoires - Ville de Paris",,,Open Database License (ODbL),2020-06-30,0,"Résultats du 2ème tour des élections municipales du 28 juin 2020 par bureau de vote, quartier, arrondissement et circonscription. Vous retrouverez : Nombre de procurations Nombre d’inscrits Nombre d’émargements Nombre de Votants Nombre de Blancs et Nuls Nombre d’exprimés Les résultats pour chaque candidat Un identifiant ID_BVOTE permet de réaliser une jointure avec les jeux de données géographiques des secteurs de bureaux de vote Ces résultats correspondent aux extraits le soir de scrutin du Système d'information élection de la Ville de Paris ( ""Sigles résultats"" jusqu'en 2015 et de ""Paris Vot"
elections-municipales-2020-1ertour,Elections - Municipales 2020 - 1erTour,Citoyenneté,"résulats,élection,scrutin,vote,municipales","Direction de la Démocratie, des Citoyen.ne.s et des Territoires - Ville de Paris",,,Open Database License (ODbL),2020-06-30,0,"Résultats du 1er tour des élections municipales du 15 mars 2020 par bureau de vote, quartier, arrondissement et circonscription. Vous retrouverez : Nombre de procurations Nombre d’inscrits Nombre d’émargements Nombre de Votants Nombre de Blancs et Nuls Nombre d’exprimés Les résultats pour chaque candidat Un identifiant ID_BVOTE permet de réaliser une jointure avec les jeux de données géographiques des secteurs de bureaux de vote (ID_BVOTE est construit comme ceci :[Arrondissement] - [Numéro bureau de vote]) Ces résultats correspondent aux extraits le soir de scrutin du Système d'information él"
zones-de-rattachement-des-bureaux-de-vote-en-2012,Secteurs des bureaux de vote en 2012,Citoyenneté,"vote,bureau,DDCT,élection","Direction de la Démocratie, des Citoyen.ne.s et des Territoires - Ville de Paris",,,Open Database License (ODbL),2020-03-06,869,Sectionnement des bureaux de vote en 2012
secteurs-des-bureaux-de-vote-en-2017,Secteurs des bureaux de vote en 2017,Citoyenneté,"bureau de vote,votes,suffrages,DDCT,élection","Direction de la Démocratie, des Citoyen.ne.s et des Territoires - Ville de Paris",,,Open Database License (ODbL),2020-03-06,896,"Sectionnement des bureaux de vote en 2017 Représentation du sectionnement des bureaux de vote, applicable à partir du 1er mars 2017. La représentation du sectionnement ne se calque pas sur le bâti ou sur le parcellaire car c’est le rattachement au point-adresse qui est pris en considération."
zones-de-rattachement-des-bureaux-de-vote-en-2014,Secteurs des bureaux de vote en 2014,Citoyenneté,"vote,bureau,DDCT,élection","Direction de la Démocratie, des Citoyen.ne.s et des Territoires - Ville de Paris",,,Open Database License (ODbL),2020-03-06,869,Sectionnement des bureaux de vote en 2014.
kiosques-de-presse,Kiosques de presse,"Equipements, Services, Social","kiosque,presse,Domaine public,journaux",Direction de l'Attractivité et de l'Emploi - Ville de Paris,,,Open Database License (ODbL),2020-01-29,393,"I nventaire des kiosques de presse présents sur le domaine public (mobilier monté, mobilier pour lesquels un démontage a été demandé ou un démontage planifié). Un kiosque de presse désigne une petite boutique installée sur un trottoir où l'on vend essentiellement des journaux et des magazines. L’implantation des kiosques de presse à Paris et leur gestion sont assurées par la société MediaKiosk. Cette société est liée par u ne convention pluriannuelle d’occupation du domaine public. Fichier exporté depuis le portail cartographique MédiaKiosk pour la Ville de Paris Constitution : La localisation"
subventions-versees,Subventions versées - Annexe Compte administratif 2013-2017,Administration et Finances Publiques,"subventions,compte administratif,Versement subventions,DFA",Direction des Finances et des Achats - Ville de Paris,,,Open Database License (ODbL),2019-12-19,39431,"Ce jeu de données récapitule toutes les subventions versées à des organismes de droit privé et de droit public, tant en section d’investissement qu’en section de fonctionnement pour un exercice donné ainsi que les mises à disposition à titre gratuit. Ce jeu de données correspond à une annexe du Compte Administratif, il s'ajoute au jeu de données des Subventions accordées et refusées par le Conseil de Paris. Nom de la colonne Descriptions Publication Annexe du compte administratif Collectivité Commune ou Département. Catégorie Distinction entre personnes de droit privé et personnes de droit pub"
elections-presidentielles-2017-1ertour,Elections - Présidentielles 2017 - 1erTour,Citoyenneté,"résulats,élection,scrutin,vote,présidentielles","Direction de la Démocratie, des Citoyen.ne.s et des Territoires - Ville de Paris",,,Open Database License (ODbL),2019-12-04,896,"Résultats du 1er tour des élections présidentielles du 23 avril 2017 par bureau de vote, quartier, arrondissement et circonscription. Vous retrouverez : Nombre de procurations Nombre d’inscrits Nombre d’émargements Nombre de votants Nombre de blancs Nombre de nuls Nombre d’exprimés Les résultats pour chaque candidat Un identifiant ID_BVOTE permet de réaliser une jointure avec les jeux de données géographiques des secteurs de bureaux de vote Ces résultats correspondent aux extraits le soir de scrutin du Système d'information élection de la Ville de Paris ( ""Sigles résultats"" jusqu'en 2015 et de"
elections-municipales-2008-1ertour,Elections - Municipales 2008 - 1erTour,Citoyenneté,"résulats,élection,scrutin,vote,municipales","Direction de la Démocratie, des Citoyen.ne.s et des Territoires - Ville de Paris",,,Open Database License (ODbL),2019-12-04,0,"Résultats du 1er tour des élections municipales du 10 mars 2008 par bureau de vote, quartier, arrondissement et circonscription. Vous retrouverez : Nombre de procurations Nombre d’inscrits Nombre d’émargements Nombre de Votants Nombre de Blancs et Nuls Nombre d’exprimés Les résultats pour chaque candidat Un identifiant ID_BVOTE permet de réaliser une jointure avec les jeux de données géographiques des secteurs de bureaux de vote Ces résultats correspondent aux extraits le soir de scrutin du Système d'information élection de la Ville de Paris ( ""Sigles résultats"" jusqu'en 2015 et de ""Paris Vote"
elections-regionales-2010-2emetour,Elections - Régionales 2010 - 2èmeTour,Citoyenneté,"résulats,élection,scrutin,vote,régionales","Direction de la Démocratie, des Citoyen.ne.s et des Territoires - Ville de Paris",,,Open Database License (ODbL),2019-12-04,850,"Résultats du 2ème tour des élections régionales du 22 Mars 2010 par bureau de vote, quartier, arrondissement et circonscription. Vous retrouverez : Nombre de procurations Nombre d’inscrits Nombre d’émargements Nombre de Votants Nombre de Blancs et Nuls Nombre d’exprimés Les résultats pour chaque candidat Un identifiant ID_BVOTE permet de réaliser une jointure avec les jeux de données géographiques des secteurs de bureaux de vote Ces résultats correspondent aux extraits le soir de scrutin du Système d'information élection de la Ville de Paris ( ""Sigles résultats"" jusqu'en 2015 et de ""Paris Vote"
elections-presidentielles-2007-1ertour,Elections - Présidentielles 2007 - 1erTour,Citoyenneté,"résulats,élection,scrutin,vote,présidentielles","Direction de la Démocratie, des Citoyen.ne.s et des Territoires - Ville de Paris",,,Open Database License (ODbL),2019-12-04,837,"Résultats du 1er tour des élections présidentielles du 22 avril 2007 par bureau de vote, quartier, arrondissement et circonscription. Vous retrouverez : Nombre de procurations Nombre d’inscrits Nombre d’émargements Nombre de Votants Nombre de Blancs et Nuls Nombre d’exprimés Les résultats pour chaque candidat Un identifiant ID_BVOTE permet de réaliser une jointure avec les jeux de données géographiques des secteurs de bureaux de vote Ces résultats correspondent aux extraits le soir de scrutin du Système d'information élection de la Ville de Paris ( ""Sigles résultats"" jusqu'en 2015 et de ""Paris"
elections-regionales-2015-2emetour,Elections - Régionales 2015 - 2èmeTour,Citoyenneté,"résulats,élection,scrutin,vote,régionales","Direction de la Démocratie, des Citoyen.ne.s et des Territoires - Ville de Paris",,,Open Database License (ODbL),2019-12-04,869,"Résultats du 2ème tour des élections régionales du 13 Décembre 2015 par bureau de vote, quartier, arrondissement et circonscription. Vous retrouverez : Nombre de procurations Nombre d’inscrits Nombre d’émargements Nombre de votants Nombre de blancs Nombre de nuls Nombre d’exprimés Les résultats pour chaque candidat Un identifiant ID_BVOTE permet de réaliser une jointure avec les jeux de données géographiques des secteurs de bureaux de vote Ces résultats correspondent aux extraits le soir de scrutin du Système d'information élection de la Ville de Paris ( ""Sigles résultats"" jusqu'en 2015 et de "
elections-municipales-2008-2emetour,Elections - Municipales 2008 - 2èmeTour,Citoyenneté,"résulats,élection,scrutin,vote,municipales","Direction de la Démocratie, des Citoyen.ne.s et des Territoires - Ville de Paris",,,Open Database License (ODbL),2019-12-04,0,"Résultats du 2ème tour des élections municipales du 17 mars 2008 par bureau de vote, quartier, arrondissement et circonscription. Vous retrouverez : Nombre de procurations Nombre d’inscrits Nombre d’émargements Nombre de Votants Nombre de Blancs et Nuls Nombre d’exprimés Les résultats pour chaque candidat Un identifiant ID_BVOTE permet de réaliser une jointure avec les jeux de données géographiques des secteurs de bureaux de vote Ces résultats correspondent aux extraits le soir de scrutin du Système d'information élection de la Ville de Paris ( ""Sigles résultats"" jusqu'en 2015 et de ""Paris Vot"
elections-europeennes-2014,Elections - Européennes 2014,Citoyenneté,"résulats,élection,scrutin,vote,européennes","Direction de la Démocratie, des Citoyen.ne.s et des Territoires - Ville de Paris",,,Open Database License (ODbL),2019-12-04,870,"Résultats des élections européennes du 26 mai 2014 par bureau de vote, quartier, arrondissement et circonscription. Vous retrouverez : Nombre de procurations Nombre d’inscrits Nombre d’émargements Nombre de votants Nombre de blancs Nombre de nuls Nombre d’exprimés Les résultats pour chaque candidat Un identifiant ID_BVOTE permet de réaliser une jointure avec les jeux de données géographiques des secteurs de bureaux de vote Ces résultats correspondent aux extraits le soir de scrutin du Système d'information élection de la Ville de Paris ( ""Sigles résultats"" jusqu'en 2015 et de ""Paris Vote"" à pa"
elections-legislatives-2012-1ertour,Elections - Législatives 2012 - 1erTour,Citoyenneté,"résulats,élection,scrutin,vote,législatives","Direction de la Démocratie, des Citoyen.ne.s et des Territoires - Ville de Paris",,,Open Database License (ODbL),2019-12-04,0,"Résultats du 1er tour des élections législatives du 10 juin 2012 par bureau de vote, quartier, arrondissement et circonscription. Vous retrouverez : Nombre de procurations Nombre d’inscrits Nombre d’émargements Nombre de Votants Nombre de Blancs et Nuls Nombre d’exprimés Les résultats pour chaque candidat Un identifiant ID_BVOTE permet de réaliser une jointure avec les jeux de données géographiques des secteurs de bureaux de vote Ces résultats correspondent aux extraits le soir de scrutin du Système d'information élection de la Ville de Paris ( ""Sigles résultats"" jusqu'en 2015 et de ""Paris Vot"
elections-municipales-2014-1ertour,Elections - Municipales 2014 - 1erTour,Citoyenneté,"résulats,élection,scrutin,vote,municipales","Direction de la Démocratie, des Citoyen.ne.s et des Territoires - Ville de Paris",,,Open Database License (ODbL),2019-12-04,0,"Résultats du 1er tour des élections municipales du 23 mars 2014 par bureau de vote, quartier, arrondissement et circonscription. Vous retrouverez : Nombre de procurations Nombre d’inscrits Nombre d’émargements Nombre de Votants Nombre de Blancs et Nuls Nombre d’exprimés Les résultats pour chaque candidat Un identifiant ID_BVOTE permet de réaliser une jointure avec les jeux de données géographiques des secteurs de bureaux de vote Ces résultats correspondent aux extraits le soir de scrutin du Système d'information élection de la Ville de Paris ( ""Sigles résultats"" jusqu'en 2015 et de ""Paris Vote"
elections-presidentielles-2007-2emetour,Elections - Présidentielles 2007 - 2èmeTour,Citoyenneté,"résulats,élection,scrutin,vote,présidentielles","Direction de la Démocratie, des Citoyen.ne.s et des Territoires - Ville de Paris",,,Open Database License (ODbL),2019-12-04,837,"Résultats du 2ème tour des élections présidentielles du 22 avril 2007 par bureau de vote, quartier, arrondissement et circonscription. Vous retrouverez : Nombre de procurations Nombre d’inscrits Nombre d’émargements Nombre de Votants Nombre de Blancs et Nuls Nombre d’exprimés Les résultats pour chaque candidat Un identifiant ID_BVOTE permet de réaliser une jointure avec les jeux de données géographiques des secteurs de bureaux de vote Ces résultats correspondent aux extraits le soir de scrutin du Système d'information élection de la Ville de Paris ( ""Sigles résultats"" jusqu'en 2015 et de ""Pari"
elections-regionales-2010-1ertour,Elections - Régionales 2010 - 1erTour,Citoyenneté,"résulats,élection,scrutin,vote,régionales","Direction de la Démocratie, des Citoyen.ne.s et des Territoires - Ville de Paris",,,Open Database License (ODbL),2019-12-04,850,"Résultats du 1er tour des élections régionales du 15 Mars 2010 par bureau de vote, quartier, arrondissement et circonscription. Vous retrouverez : Nombre de procurations Nombre d’inscrits Nombre d’émargements Nombre de Votants Nombre de Blancs et Nuls Nombre d’exprimés Les résultats pour chaque candidat Un identifiant ID_BVOTE permet de réaliser une jointure avec les jeux de données géographiques des secteurs de bureaux de vote Ces résultats correspondent aux extraits le soir de scrutin du Système d'information élection de la Ville de Paris ( ""Sigles résultats"" jusqu'en 2015 et de ""Paris Vote"""
elections-presidentielles-2012-2emetour,Elections - Présidentielles 2012 - 2èmeTour,Citoyenneté,"résulats,élection,scrutin,vote,présidentielles","Direction de la Démocratie, des Citoyen.ne.s et des Territoires - Ville de Paris",,,Open Database License (ODbL),2019-12-04,869,"Résultats du 2ème tour des élections présidentielles du 7 mai 2012 par bureau de vote, quartier, arrondissement et circonscription. Vous retrouverez : Nombre de procurations Nombre d’inscrits Nombre d’émargements Nombre de Votants Nombre de Blancs et Nuls Nombre d’exprimés Les résultats pour chaque candidat Un identifiant ID_BVOTE permet de réaliser une jointure avec les jeux de données géographiques des secteurs de bureaux de vote Ces résultats correspondent aux extraits le soir de scrutin du Système d'information élection de la Ville de Paris ( ""Sigles résultats"" jusqu'en 2015 et de ""Paris V"
elections-presidentielles-2012-1ertour,Elections - Présidentielles 2012 - 1erTour,Citoyenneté,"résulats,élection,scrutin,vote,présidentielles","Direction de la Démocratie, des Citoyen.ne.s et des Territoires - Ville de Paris",,,Open Database License (ODbL),2019-12-04,869,"Résultats du 1er tour des élections présidentielles du 23 avril 2012 par bureau de vote, quartier, arrondissement et circonscription. Vous retrouverez : Nombre de procurations Nombre d’inscrits Nombre d’émargements Nombre de Votants Nombre de Blancs et Nuls Nombre d’exprimés Les résultats pour chaque candidat Un identifiant ID_BVOTE permet de réaliser une jointure avec les jeux de données géographiques des secteurs de bureaux de vote Ces résultats correspondent aux extraits le soir de scrutin du Système d'information élection de la Ville de Paris ( ""Sigles résultats"" jusqu'en 2015 et de ""Paris"
elections-regionales-2015-1ertour,Elections - Régionales 2015 - 1erTour,Citoyenneté,"élection,scrutin,vote,régionales,résultats","Direction de la Démocratie, des Citoyen.ne.s et des Territoires - Ville de Paris",,,Open Database License (ODbL),2019-12-04,869,"Résultats du 1er tour des élections régionales du 06 Décembre 2015 par bureau de vote, quartier, arrondissement et circonscription. Vous retrouverez : Nombre de procurations Nombre d’inscrits Nombre d’émargements Nombre de votants Nombre de blancs Nombre de nuls Nombre d’exprimés Les résultats pour chaque candidat Un identifiant ID_BVOTE permet de réaliser une jointure avec les jeux de données géographiques des secteurs de bureaux de vote Ces résultats correspondent aux extraits le soir de scrutin du Système d'information élection de la Ville de Paris ( ""Sigles résultats"" jusqu'en 2015 et de """
elections-legislatives-2007-1ertour,Elections - Législatives 2007 - 1erTour,Citoyenneté,"résulats,élection,scrutin,vote,législatives","Direction de la Démocratie, des Citoyen.ne.s et des Territoires - Ville de Paris",,,Open Database License (ODbL),2019-12-04,0,"Résultats du 1er tour des élections législatives du 10 juin 2007 par bureau de vote, quartier, arrondissement et circonscription. Vous retrouverez : Nombre de procurations Nombre d’inscrits Nombre d’émargements Nombre de Votants Nombre de Blancs et Nuls Nombre d’exprimés Les résultats pour chaque candidat Un identifiant ID_BVOTE permet de réaliser une jointure avec les jeux de données géographiques des secteurs de bureaux de vote Ces résultats correspondent aux extraits le soir de scrutin du Système d'information élection de la Ville de Paris ( ""Sigles résultats"" jusqu'en 2015 et de ""Paris Vot"
elections-legislatives-2007-2emetour,Elections - Législatives 2012 - 2èmeTour,Citoyenneté,"résulats,élection,scrutin,vote,législatives","Direction de la Démocratie, des Citoyen.ne.s et des Territoires - Ville de Paris",,,Open Database License (ODbL),2019-12-04,0,"Résultats du 2ème tour des élections législatives du 18 juin 2012 par bureau de vote, quartier, arrondissement et circonscription. Vous retrouverez : Nombre de procurations Nombre d’inscrits Nombre d’émargements Nombre de Votants Nombre de Blancs et Nuls Nombre d’exprimés Les résultats pour chaque candidat Un identifiant ID_BVOTE permet de réaliser une jointure avec les jeux de données géographiques des secteurs de bureaux de vote Ces résultats correspondent aux extraits le soir de scrutin du Système d'information élection de la Ville de Paris ( ""Sigles résultats"" jusqu'en 2015 et de ""Paris Vo"
elections-legislatives-2017-1ertour,Elections - Législatives 2017 - 1erTour,Citoyenneté,"résulats,élection,scrutin,vote,législatives","Direction de la Démocratie, des Citoyen.ne.s et des Territoires - Ville de Paris",,,Open Database License (ODbL),2019-12-04,0,"Résultats du 1er tour des élections législatives du 11 juin 2017 par bureau de vote, quartier, arrondissement et circonscription. Vous retrouverez : Nombre de procurations Nombre d’inscrits Nombre d’émargements Nombre de votants Nombre de blancs Nombre de nuls Nombre d’exprimés Les résultats pour chaque candidat Un identifiant ID_BVOTE permet de réaliser une jointure avec les jeux de données géographiques des secteurs de bureaux de vote Ces résultats correspondent aux extraits le soir de scrutin du Système d'information élection de la Ville de Paris ( ""Sigles résultats"" jusqu'en 2015 et de ""Pa"
elections-legislatives-2017-2emetour,Elections - Législatives 2017 - 2èmeTour,Citoyenneté,"résulats,élection,scrutin,vote,législatives","Direction de la Démocratie, des Citoyen.ne.s et des Territoires - Ville de Paris",,,Open Database License (ODbL),2019-12-04,0,"Résultats du 2ème tour des élections législatives du 18 juin 2017 par bureau de vote, quartier, arrondissement et circonscription. Vous retrouverez : Nombre de procurations Nombre d’inscrits Nombre d’émargements Nombre de votants Nombre de blancs Nombre de nuls Nombre d’exprimés Les résultats pour chaque candidat Un identifiant ID_BVOTE permet de réaliser une jointure avec les jeux de données géographiques des secteurs de bureaux de vote Ces résultats correspondent aux extraits le soir de scrutin du Système d'information élection de la Ville de Paris ( ""Sigles résultats"" jusqu'en 2015 et de ""P"
elections-municipales-2014-2emetour,Elections - Municipales 2014 - 2èmeTour,Citoyenneté,"résulats,élection,scrutin,vote,municipales","Direction de la Démocratie, des Citoyen.ne.s et des Territoires - Ville de Paris",,,Open Database License (ODbL),2019-12-04,0,"Résultats du 2ème tour des élections municipales du 31 mars 2014 par bureau de vote, quartier, arrondissement et circonscription. Vous retrouverez : Nombre de procurations Nombre d’inscrits Nombre d’émargements Nombre de Votants Nombre de Blancs et Nuls Nombre d’exprimés Les résultats pour chaque candidat Un identifiant ID_BVOTE permet de réaliser une jointure avec les jeux de données géographiques des secteurs de bureaux de vote Ces résultats correspondent aux extraits le soir de scrutin du Système d'information élection de la Ville de Paris ( ""Sigles résultats"" jusqu'en 2015 et de ""Paris Vot"
elections-europeennes-2009,Elections - Européennes 2009,Citoyenneté,"résulats,élection,scrutin,vote,européennes","Direction de la Démocratie, des Citoyen.ne.s et des Territoires - Ville de Paris",,,Open Database License (ODbL),2019-12-04,850,"Résultats des élections européennes du 08 juin 2009 par bureau de vote, quartier, arrondissement et circonscription. Vous retrouverez : Nombre de procurations Nombre d’inscrits Nombre d’émargements Nombre de Votants Nombre de Blancs et Nuls Nombre d’exprimés Les résultats pour chaque candidat Un identifiant ID_BVOTE permet de réaliser une jointure avec les jeux de données géographiques des secteurs de bureaux de vote Ces résultats correspondent aux extraits le soir de scrutin du Système d'information élection de la Ville de Paris ( ""Sigles résultats"" jusqu'en 2015 et de ""Paris Vote"" à partir d"
elections-europeennes-2019,Elections - Européennes 2019,Citoyenneté,"résulats,élection,scrutin,vote,européennes","Direction de la Démocratie, des Citoyen.ne.s et des Territoires - Ville de Paris",,,Open Database License (ODbL),2019-12-04,896,"Résultats des élections européennes du 26 mai 2019 par bureau de vote, quartier, arrondissement et circonscription. Vous retrouverez : Nombre de procurations Nombre d’inscrits Nombre d’émargements Nombre de votants Nombre de blancs Nombre de nuls Nombre d’exprimés Les résultats pour chaque candidat Un identifiant ID_BVOTE permet de réaliser une jointure avec les jeux de données géographiques des secteurs de bureaux de vote Ces résultats correspondent aux extraits le soir de scrutin du Système d'information élection de la Ville de Paris ( ""Sigles résultats"" jusqu'en 2015 et de ""Paris Vote"" à pa"
elections-legislatives-2007-2emetour0,Elections - Législatives 2007 - 2èmeTour,Citoyenneté,"résulats,élection,scrutin,vote,législatives","Direction de la Démocratie, des Citoyen.ne.s et des Territoires - Ville de Paris",,,Open Database License (ODbL),2019-12-04,0,"Résultats du 2ème tour des élections législatives du 17 juin 2007 par bureau de vote, quartier, arrondissement et circonscription. Vous retrouverez : Nombre de procurations Nombre d’inscrits Nombre d’émargements Nombre de Votants Nombre de Blancs et Nuls Nombre d’exprimés Les résultats pour chaque candidat Un identifiant ID_BVOTE permet de réaliser une jointure avec les jeux de données géographiques des secteurs de bureaux de vote Ces résultats correspondent aux extraits le soir de scrutin du Système d'information élection de la Ville de Paris ( ""Sigles résultats"" jusqu'en 2015 et de ""Paris Vo"
elections-presidentielles-2017-2emetour,Elections - Présidentielles 2017 - 2èmeTour,Citoyenneté,"résulats,élection,scrutin,vote,présidentielles","Direction de la Démocratie, des Citoyen.ne.s et des Territoires - Ville de Paris",,,Open Database License (ODbL),2019-12-04,896,"Résultats du 2ème tour des élections présidentielles du 07 mai 2017 par bureau de vote, quartier, arrondissement et circonscription. Vous retrouverez : Nombre de procurations Nombre d’inscrits Nombre d’émargements Nombre de votants Nombre de blancs Nombre de nuls Nombre d’exprimés Les résultats pour chaque candidat Un identifiant ID_BVOTE permet de réaliser une jointure avec les jeux de données géographiques des secteurs de bureaux de vote Ces résultats correspondent aux extraits le soir de scrutin du Système d'information élection de la Ville de Paris ( ""Sigles résultats"" jusqu'en 2015 et de "
comptes-administratifs-etats-speciaux-darrondissement,Comptes Administratifs - Etats Spéciaux d’Arrondissement,Administration et Finances Publiques,"budget,compte administratif,DFA",Direction des Finances et des Achats - Ville de Paris,,,Open Database License (ODbL),2019-11-28,38574,"Le Compte Administratif présente les résultats de l’exécution du budget. Il retrace donc : 1) Les inscriptions ou les crédits ouverts se rapportant à chaque chapitre et à chaque compte budgétaire du budget. 2) Les réalisations constituées par le total des émissions et annulations de titres de recettes ou de mandats correspondant à la subdivision intéressée du budget. et donc les montants consommés (en dépenses) ou les montants recouvrés (en recettes). Le jeu de données contient, par budget (municipal ou départemental), pour un exercice donné, tous les montants consommés par section budgétaire "
comptes-administratifs-principaux-ville-departement,Comptes Administratifs - Budgets Principaux 2009 - 2017 (M14-M52 Ville-département),Administration et Finances Publiques,"budget,compte administratif,DFA",Direction des Finances et des Achats - Ville de Paris,,,Open Database License (ODbL),2019-11-28,30899,"Le Compte Administratif présente les résultats de l’exécution du budget. Il retrace donc : 1) Les inscriptions ou les crédits ouverts se rapportant à chaque chapitre et à chaque compte du budgétaire du budget. 2) Les réalisations constituées par le total des émissions et annulations de titres de recettes ou de mandats correspondant à la subdivision intéressée du budget. et donc les montants consommés (en dépenses) ou les montants recouvrés (en recettes). Le jeu de données contient, par budget (municipal ou départemental), pour un exercice donné, tous les montants consommés par section budgétai"
bugdet-votes-principaux_2018_m57_ville_dpt,Budgets Votés - Budget Principal 2018 (M57 Ville-département),Administration et Finances Publiques,"budget,finances,M57,DFA",Direction des Finances et des Achats - Ville de Paris,,,Open Database License (ODbL),2019-11-28,3715,"Présentation des montants en crédits de paiement du budget général de la collectivité parisienne. Le Budget Primitif (BP) est le premier budget voté. Il autorise les dépenses et les recettes pour l’année civile à venir. La section fonctionnement du budget primitif comporte l’ensemble des charges et des produits de la gestion courante de la collectivité. La section d’investissement regroupe toutes les opérations qui affectent la consistance du patrimoine de la collectivité. Pour Paris, étant à la fois une commune et un département, il convient de distinguer le budget municipal du budget départe"
immobilisations-etat-des-entrees,Immobilisations - Etat des entrées 2013 - 2017,Administration et Finances Publiques,"immobilisation,compte administratif,DFA",Direction des Finances et des Achats - Ville de Paris,,,Open Database License (ODbL),2019-11-28,28170,"L’état d’entrée des immobilisations du compte administratif présente l’ensemble des acquisitions effectuées pour un exercice donné. Il retrace donc : - Les acquisitions mobilières, immobilières et financières se rapportant à chaque modalité et type d’acquisition. - Le jeu de données contient pour chaque fiche d’immobilisation relative à un bien, la date et la valeur d’acquisition ainsi que la durée d’amortissement. Nom de la colonne Descriptions Publication Annexe du compte administratif Collectivité Ville ou Département Rubrique Liste des acquisitions mobilières, immobilières et financières d"
comptes-administratifs-autorisations-de-programmes-ap-ville-departement,Comptes Administratifs - Autorisations de Programmes 2009 - 2017 (M14-M52 Ville-Département),Administration et Finances Publiques,"budget,compte administratif,DFA,AP",Direction des Finances et des Achats - Ville de Paris,,,Open Database License (ODbL),2019-11-28,27927,"Le Compte Administratif présente les résultats de l’exécution du budget. Le jeu de données permet de visualiser sur l'exercice considéré le montant mandaté par mission (soit au niveau de la direction) puis par Autorisation de Programme. Il en est de même pour les recettes et ainsi pour les montants recouvrés par la collectivité, par mission, puis pour chaque AP Nom de la colonne Description Exercice Comptable Année concernée Budget Type de budget (Budget Général ou Budget Annexe) et nomenclature budgétaire qui s'y rattachent (M14 pour la commune, M52 pour le département) Section Budgétaire (I/"
bugdet-votes-principaux,Budgets Votés - Budget Principal 2009 - 2017 (M14-M52 Ville-département),Administration et Finances Publiques,"budget,finances,M14,M52,DFA",Direction des Finances et des Achats - Ville de Paris,,,Open Database License (ODbL),2019-11-28,28075,"Présentation des montants en crédits de paiement du budget général de la collectivité parisienne. Le Budget Primitif (BP) est le premier budget voté. Il autorise les dépenses et les recettes pour l’année civile à venir. La section fonctionnement du budget primitif comporte l’ensemble des charges et des produits de la gestion courante de la collectivité. La section d’investissement regroupe toutes les opérations qui affectent la consistance du patrimoine de la collectivité. Pour Paris, étant à la fois une commune et un département, il convient de distinguer le budget municipal du budget départe"
immobilisations-etat-des-sorties,Immobilisations - Etat des Sorties 2013 - 2017,Administration et Finances Publiques,"immobilisation,DFA",Direction des Finances et des Achats - Ville de Paris,,,Open Database License (ODbL),2019-11-28,19504,"L’état des sorties des immobilisations du compte administratif présente l’ensemble des cessions effectuées pour un exercice donné. Il retrace donc : - Les cessions mobilières, immobilières et financières se rapportant à chaque modalité et type de cession. - Le jeu de données contient pour chaque fiche d’immobilisation relative à un bien la date et la valeur d’acquisition, la durée d’amortissement, la date de cession, le prix de cession, la plus ou moins-value dégagée ainsi que les amortissements déjà pratiqués. Nom de la colonne Descriptions Publication Annexe du compte administratif Collectiv"
comptes-administratifs-principaux-2018-m57-ville-departement,Comptes Administratifs - Budgets Principaux 2018 (M57 Ville-département),Administration et Finances Publiques,"budget,compte administratif,DFA",Direction des Finances et des Achats - Ville de Paris,,,Open Database License (ODbL),2019-11-28,4581,"Le Compte Administratif présente les résultats de l’exécution du budget. Il retrace donc : 1) Les inscriptions ou les crédits ouverts se rapportant à chaque chapitre et à chaque compte du budgétaire du budget. 2) Les réalisations constituées par le total des émissions et annulations de titres de recettes ou de mandats correspondant à la subdivision intéressée du budget. et donc les montants consommés (en dépenses) ou les montants recouvrés (en recettes). Le jeu de données contient, par budget (municipal ou départemental), pour un exercice donné, tous les montants consommés par section budgétai"
budget-votes-ap-autotrisations-de-programmes,Budgets Votés - Autorisations de Programmes - 2009 - 2017 (M14-M52 Ville-département),Administration et Finances Publiques,"budget,finances,DFA,AP",Direction des Finances et des Achats - Ville de Paris,,,Open Database License (ODbL),2019-11-28,7570,"En investissement, on distingue la section de règlement de la section d'autorisations de programme. La section de règlement regroupe les crédits de paiement tandis que la section d'AP regroupe toutes les AP. La section d’AP est votée par mission, activité, individualisation. Les individualisations regroupent une ou plusieurs AP. Elles retracent la programmation pluriannuelle des investissements. Les autorisations de programme constituent la limite supérieure des dépenses qui peuvent être engagées en investissement. Elles sont consommées par des engagements comptables et juridiques. La réglemen"
budgets-votes-etats-speciaux-darrondissements,Budgets Votés - Etats Spéciaux d'Arrondissements 2009 - 2017,Administration et Finances Publiques,"budget,finances,DFA",Direction des Finances et des Achats - Ville de Paris,,,Open Database License (ODbL),2019-11-28,38277,"Les dépenses et les recettes de chaque conseil d'arrondissement (recettes et dépenses qui correspondent aux équipements de proximité dont ils assurent la gestion ou qui sont mis à leur disposition pour l'exercice de leurs attributions) sont détaillées dans un document dénommé ""état spécial d'arrondissement"" qui est annexé au budget de la Ville de Paris (article L. 2511-37 du CGCT). La loi du 27 février 2002 a en outre ouvert à l’état spécial de chaque arrondissement une section d’investissement (article L. 2511-16 alinéa 5 du CGCT). A l’exclusion de toute autre recette (les arrondissements n’o"
comptes-administratifs-autorisations-de-programmes-a-partir-de-2018-m57-ville-de,Comptes Administratifs - Autorisations de Programmes à partir de 2018 (M57 Ville-Département),Administration et Finances Publiques,"budget,compte administratif,DFA,AP",Direction des Finances et des Achats - Ville de Paris,,,Open Database License (ODbL),2019-11-28,7466,"Le Compte Administratif présente les résultats de l’exécution du budget. Le jeu de données permet de visualiser sur l'exercice considéré le montant mandaté par mission (soit au niveau de la direction) puis par Autorisation de Programme. Il en est de même pour les recettes et ainsi pour les montants recouvrés par la collectivité, par mission, puis pour chaque AP"
comptes-administratifs-budgets-annexes,Comptes Administratifs - Budgets Annexes,Administration et Finances Publiques,"budget,compte administratif,DFA",Direction des Finances et des Achats - Ville de Paris,,,Open Database License (ODbL),2019-11-28,4059,"Le Compte Administratif présente les résultats de l’exécution du budget. Il retrace donc : 1) Les inscriptions ou les crédits ouverts se rapportant à chaque chapitre et à chaque compte du budgétaire du budget. 2) Les réalisations constituées par le total des émissions et annulations de titres de recettes ou de mandats correspondant à la subdivision intéressée du budget. et donc les montants consommés (en dépenses) ou les montants recouvrés (en recettes). Le jeu de données contient, par budget (municipal ou départemental), pour un exercice donné, tous les montants consommés par section budgétai"
bilan-social-accident-de-travail-et-de-trajet-par-corps-2013-a-2015,Bilan Social - Accident de travail et de trajet par corps - 2013 à 2015,Administration et Finances Publiques,"travail,accident,ressources humaines,Bilan social,DRH",Direction des Ressources Humaines - Ville de Paris,,,Open Database License (ODbL),2019-11-26,270,"Accident de trajet : Accident survenu lors du parcours entre le lieu du travail et le domicile ou le lieu de restauration, à l’heure normale. Les données présentées concernent les fonctionnaires et les contractuels. Elles indiquent, par collectivité, par corps, par sexe, le nombre d’accidents de trajet ainsi que le nombre de jours d’arrêt de travail qui leur sont associés. Accident de service-travail: Accident de service des fonctionnaires et accident du travail des agents non‑titulaires. Ces accidents surviennent lorsque l’agent est sous l’autorité de l’employeur, pendant le temps et sur le l"
nombre-de-beneficiaires-pass-paris-seniors-ou-access,Bénéficiaires Pass Paris Seniors & Access' de 2013 à 2017,"Equipements, Services, Social","Aide personnes handicapés,Aide personnes âgées,Transports en commun,CASVP",Direction des Solidarités (DSOL),,,Open Database License (ODbL),2019-10-01,100,"Nombre de bénéficiaires du Pass Paris Senior & Access' par années et par arrondissements de 2013 à 2017 Le Navigo Améthyste permet d'obtenir la gratuité dans les transports en commun d’Ile de France. Il est devenu gratuit à partir du 1 er juin 2018 et a changé de nom pour devenir Pass Paris Seniors ou Access’. Il s’adresse aux Parisiens de plus de 65 ans (ou d’au moins 60 ans en cas de retraite pour inaptitude au travail) et aux personnes en situation de handicap. Il est délivré sous certaines conditions (ex : ressources, 3 ans sur Paris…) Cette statistique représente le nombre Pass Paris Seni"
budget-votes-general-casvp,CASVP - Budget voté Budget général,Administration et Finances Publiques,"Budgets votés général,Fonctionnement,CASVP,DSOL",Direction des Solidarités (DSOL),,,Open Database License (ODbL),2019-07-23,11839,"Budget voté Budget général (CASVP). Présentation des montants en crédits de paiement du budget général du Centre d’Action Sociale de la Ville de Paris (CASVP). Le Budget Primitif (BP) est le premier budget Le jeu de données contient, pour un exercice donné, tous les montants votés en investissement, en dépenses ou en recettes et par imputation budgétaire. Nom de la colonne Description Exercice Année concernée Budget – M22 Type de budget (Budget Général ou Budget Annexe) et nomenclature budgétaire qui s'y rattache (M22) Section budgétaire Dépenses ou Recettes relevant de la section de fonctionn"
compte-administratif-budgets-annexes-casvp,CASVP - Compte administratif - Section d'exploitation - Budgets annexes,Administration et Finances Publiques,"compte administratif,CASVP,budgets annexes,DSOL",Direction des Solidarités (DSOL),,,Open Database License (ODbL),2019-07-23,297,"Le Compte Administratif présente les résultats de l’exécution du budget. Il retrace donc : 1) Les inscriptions ou les crédits ouverts se rapportant à chaque groupe fonctionnel et à chaque compte du budget pour la section d'exploitation. 2) Les réalisations constituées par le total des émissions et annulations de titres de recettes ou de mandats correspondant à la subdivision intéressée du budget et donc les montants consommés (en dépenses) ou les montants recouvrés (en recettes). Le jeu de données contient, pour un exercice donné, tous les montants consommés en dépenses ou en recettes et par i"
compte-administratif-budget-general-casvp,CASVP - Compte administratif - Budget général,Administration et Finances Publiques,"compte administratif,casvp,DSOL",Direction des Solidarités (DSOL),,,Open Database License (ODbL),2019-07-23,15963,"Compte administratif Budget général (CASVP) Le Compte Administratif présente les résultats de l’exécution du budget. Il retrace donc : 1) Les inscriptions ou les crédits ouverts se rapportant à chaque chapitre (section investissement) et groupe fonctionnel (section exploitation) et à chaque compte budgétaire. 2) Les réalisations constituées par le total des émissions et annulations de titres de recettes ou de mandats correspondant à la subdivision intéressée du budget et donc les montants consommés (en dépenses) ou les montants recouvrés (en recettes). Le jeu de données contient, pour un exerc"
budgest-votes-annexes-casvp,CASVP - Budgets votés - Section d'exploitation - Budgets annexes,Administration et Finances Publiques,"budget annexes,votés,fonctionement,CASVP,DSOL",Direction des Solidarités (DSOL),,,Open Database License (ODbL),2019-07-23,257,"Présentation des montants en crédits de paiement des budgets annexes du CASVP. Le Budget Primitif (BP) est le premier budget voté. Il autorise les dépenses et les recettes pour l’année civile à venir. La section fonctionnement du budget primitif des budgets annexes comporte l’ensemble des charges et des produits de la gestion courante. Les budgets annexes, distincts du budget principal proprement dit, mais votés par l’assemblée délibérante, doivent être établis pour certains services locaux spécialisés au CASVP. Budgets Annexes : DNA, EHPAD, CHRS, SSIAD. Ces budgets permettent d’établir le coû"
restaurants-casvp,Liste des restaurants,"Equipements, Services, Social","restaurants,solidaire,emmeraudes,CASVP,DSOL",Direction des Solidarités (DSOL),,,Open Database License (ODbL),2019-07-23,43,Liste des restaurants du CASVP . Pour plus d'informations sur les horaires d'ouvertures notamment des restaurants Solidaires (S) https://www.paris.fr/services-et-infos-pratiques/social-et-solidarites/personnes-en-situation-de-precarite/distribution-de-repas-123#les-restaurants-solidaires_3 ou des restaurants Emeraude (E): https://www.paris.fr/services-et-infos-pratiques/social-et-solidarites/seniors-a-paris/seniors-a-paris-aides-droits-et-lieux-de-ressources-2458#les-services-aux-parisiens-agees_17
dette-propre,Dette propre,Administration et Finances Publiques,"budget,dette,DFA",Direction des Finances et des Achats - Ville de Paris,,,Open Database License (ODbL),2019-07-11,697,"Le dataset "" Dette de la Ville de Paris "" présente la décomposition de l'endettement parisien sous format bancaire ou obligataire* en quelques chiffres clés. L'endettement obligataire représente les émissions de titres de dette (obligations) effectuées par la Ville de Paris sur les marchés financiers auprès d'investisseurs institutionnels français ou étrangers. *ainsi qu'auprès du SIAAP (Syndicat Interdépartemental pour l'Assainissement de l'Agglomération Parisienne) Nom de la colonne Description Année de Publication Année du Compte Administratif pour lequel les données ont été publiées Nature"
femmes-illustres-a-paris-parcours,Femmes illustres à Paris - Parcours,Commerces et Tourisme,"femmes,Femmes de lettres,Artistes,Comédiennes,Politiques,Scientifiques,Sportives,DAE",Direction de l'Attractivité et de l'Emploi - Ville de Paris,,,Open Database License (ODbL),2019-06-14,10,"Parcours découverte - Du jardin Nelson Mandela au Parc des Princes, partez à la découverte de Paris sur les traces de ses grandes figures féminines. A l’occasion de la coupe féminine du monde de la FIFA 2019, partez sur les traces des parisiennes illustres à travers les lieux emblématiques de leurs vies. Ce jeu de données correspond au contenu de la Web application Paris.fr elle même intégrée au site Parisinfo.com Site officiel de l'Office du Tourisme et des Congrès Ce jeu de données est mettre en relation avec celui des : Femmes illustres à Paris - Portraits"
femmes-illustres-a-paris-portraits,Femmes illustres à Paris - Portraits,Commerces et Tourisme,"femmes,Artistes,Comédiennes,Femmes de lettres,Politiques,Scientifiques,Sportives,DAE",Direction de l'Attractivité et de l'Emploi - Ville de Paris,,,Open Database License (ODbL),2019-06-14,154,"Du jardin Nelson Mandela au Parc des Princes – découvrez Paris à travers ses portraits de femmes illustres. A l’occasion de la coupe féminine du monde de la FIFA 2019, partez sur les traces des parisiennes illustres à travers les lieux emblématiques de leurs vies. Ce jeu de données correspond au contenu de la Web application Paris.fr elle même intégrée au site Parisinfo.com Site officiel de l'Office du Tourisme et des Congrès Ce jeu de données est mettre en relation avec celui des : Femmes illustres à Paris - Parcours"
psa-esi-casvp,Liste des Permanences Sociales d'Accueil  et Espaces Solidarité Insertion,"Equipements, Services, Social","accueil,solidarité,PSA,ESI,CASVP,DSOL",Direction des Solidarités (DSOL),,,Open Database License (ODbL),2019-05-02,5,"Les Permanences Sociales d'Accueil (PSA) ont pour mission générale d'accueillir les personnes sans domicile fixe pour un suivi social global afin de leur permettre d’accéder à leurs droits, de bénéficier d’une domiciliation administrative et d’un suivi global personnalisé. Les Espaces Solidarité Insertion (ESI) ont pour mission d’accueillir de manière inconditionnelle des publics en grande précarité. Pour plus d'informations : https://www.paris.fr/services-et-infos-pratiques/social-et-solidarites/personnes-en-situation-de-precarite/s-inserer-129"
hebergements-casvp,Liste des Centres d’Hébergement,"Equipements, Services, Social","hébergement,urgence,réinsertion,CHRS,CHU,CASVP,DSOL",Direction des Solidarités (DSOL),,,Open Database License (ODbL),2019-05-02,8,"Les centres d’hébergement d’urgence (CHU) et les centres d’hébergement et de réinsertion sociale (CHRS) accueillent, hébergent et accompagnent vers l’insertion des personnes en grande précarité sur le territoire parisien. Pour plus d'informations : https://www.paris.fr/services-et-infos-pratiques/social-et-solidarites/personnes-en-situation-de-precarite/lieux-d-accueil-128"
liste-des-ehpad,Liste des EHPAD,"Equipements, Services, Social","établissement,hébergement,CASVP,DSOL",Direction des Solidarités (DSOL),,,Open Database License (ODbL),2019-05-02,15,Lise des EHPAD (Etablissements d'Hébergement des personnes âgées dépendantes) du CASVP. Pour plus d'informations : https://www.paris.fr/services-et-infos-pratiques/social-et-solidarites/seniors-a-paris/l-accueil-en-institution-200
casvp-immobilisations-etat-des-entrees,CASVP - Immobilisations - Etat des entrées,Administration et Finances Publiques,"budget,CASVP,compte administratif,immobilisation,DSOL",Direction des Solidarités (DSOL),,,Open Database License (ODbL),2019-04-23,31399,"Immobilisations - Entrées L’état d’entrée des immobilisations présente l’ensemble des acquisitions effectuées pour un exercice donné. Il retrace donc : - Les acquisitions mobilières, immobilières et financières se rapportant à chaque modalité et type d’acquisition. - Le jeu de données contient pour chaque fiche d’immobilisation relative à un bien, la date et la valeur d’acquisition ainsi que la durée d’amortissement. Nom de la colonne Description Collectivité Centre d’Action Sociale de la Ville de Paris (CASVP) Budget amortissement Budget sur lequel relève l'établissement de mandatement Établi"
listes-des-marches-publics-du-casvp-a-compter-de-2018,CASVP - Listes des marchés publics à compter de 2018,Administration et Finances Publiques,"CASVP,marche,DECP,DSOL",Direction des Solidarités (DSOL),,,Open Database License (ODbL),2019-04-23,76,Le jeu de données représente la liste des marchés supérieurs à 25 000€ HT passés par le Centre d'Action Sociale de la Ville de Paris à compter du 1er janvier 2018 conformément à l'arrêté du 14 avril 2017 relatif aux données essentielles dans la commande publique.
casvp-immobilisations-etat-des-sorties,CASVP - Immobilisations - Etat des sorties,Administration et Finances Publiques,"CASVP,immobilisation,budget,compte administratif,DSOL",Direction des Solidarités (DSOL),,,Open Database License (ODbL),2019-04-23,31970,"Immobilisations - Sorties L’état des sorties des immobilisations présente l’ensemble des cessions effectuées pour un exercice donné. Il retrace donc : - Les cessions mobilières, immobilières et financières se rapportant à chaque modalité et type de cession. - Le jeu de données contient pour chaque fiche d’immobilisation relative à un bien la date et la valeur d’acquisition, la date de cession, le prix de cession, la plus ou moins-value dégagée ainsi que les amortissements déjà pratiqués. Nom de la colonne Description Collectivité Centre d’Action Sociale de la Ville de Paris (CASVP) Budget amor"
casvp-immobilisations-etat-des-amortissement,CASVP - Immobilisations - Etat des amortissements,Administration et Finances Publiques,"CASVP,budget,immobilisation,compte administratif,DSOL",Direction des Solidarités (DSOL),,,Open Database License (ODbL),2019-04-23,58261,"Immobilisations - Amortissements (CASVP) L’état des amortissements présente l’ensemble des biens acquis sur les comptes déclarés amortissables pour lesquels un amortissement est en cours. Il retrace donc : - Les biens acquis par compte amortissable (durée d’amortissement prévue par les nomenclatures et par délibération). - Le jeu de données contient, pour chaque fiche d’immobilisation relative à un bien, la date et la valeur d’acquisition, la durée d’amortissement, le cumul des amortissements antérieurs, l’amortissement de l’exercice ainsi que la valeur nette comptable en fin d’exercice (VNC)."
liste-des-marches-du-casvp0,CASVP - Liste des marchés publics de 2013 à 2017,Administration et Finances Publiques,"CASVP,marché,DECP,DSOL",Direction des Solidarités (DSOL),,,Open Database License (ODbL),2019-01-30,673,"Le jeu de données représente la liste des marchés supérieurs à 20 000€ passés par le Centre d'Action Sociale de la Ville de Paris de 2013 à 2017. Cette liste précise l'année, l'objet du marché public, sa nature, la date de signature, le nom du titulaire, le montant du marché public."
etat-du-personnel,Etat du personnel,Administration et Finances Publiques,"personnel,budget,DRH",Direction des Ressources Humaines - Ville de Paris,,,Open Database License (ODbL),2018-12-21,1495,"L’Etat du Personnel constitue une annexe aux maquettes utilisées pour la présentation réglementaire du budget primitif et du compte administratif. Cette annexe est fixée par les instructions budgétaires et comptables M14 pour la Commune et M52 pour le Département. Elle recense l'ensemble des emplois de la collectivité (commune ou département), existants ou nouvellement créés, et correspondants aux budgets votés ou constatés. Bien que la règlementation n'impose de mettre à jour le tableau des emplois qu'une fois par an, au moment du vote du budget, une collectivité doit être en mesure de se réf"
tous-les-documents-des-bibliotheques-de-pret,Tous les documents des bibliothèques de prêt,Culture,"bibliothèques,ouvrages,Livres,discothèques,vidéothèques,médiathèques,revues,DAC,Multimédia",Direction des Affaires Culturelles - Ville de Paris,,,Open Database License (ODbL),2018-07-27,815534,"Toutes les collections des bibliothèques de prêt, telles qu'elles étaient le 27 juillet 2018. Plus de 815 000 titres sont référencés. Attention les données peuvent avoir évolué depuis, elles ne sont pas dynamiques Le jeu de données comprend de nombreuses données sauf les résumés et les mots clés sujet"
touspe3,Collections des bibliothèques et fonds spécialisés et patrimoniaux,Culture,"bibliothèques,patrimoine,livres,manuscrits,iconographie,périodiques,CD,DAC,Multimédia",Direction des Affaires Culturelles - Ville de Paris,,,Open Database License (ODbL),2018-07-20,1410578,"Extraction du catalogue des collections des bibliothèques et fonds patrimoniaux et spécialisés de la Ville de Paris, au 15 juillet 2018, à l'exception de la base d'articles. Attention, les données peuvent avoir évolué depuis, elles ne sont pas dynamiques. Voir également http://bibliotheques-specialisees.paris.fr/"
ordre-du-jour-du-conseil-de-paris-conseil-municipal-et-departemental,Ordre du jour du Conseil de Paris depuis janvier 2015,Citoyenneté,"Délibération,Assemblée,vote,conseil de Paris,DDCT","Direction de la Démocratie, des Citoyen.ne.s et des Territoires - Ville de Paris",,,Open Database License (ODbL),2018-05-30,15488,"Ordres du jour du conseil municipal et départemental janvier 2015- mai 2018 Dans le jeu de données, les abréviations PJ, LR, A, V, VNR, DSP correspondent aux intitulés suivants : PJ : projet de délibération LR : Lettre rectificative A : Amendement V : Vœu VNR : vœu non rattaché à un projet de délibération DSP : Délégation de service public G : la lettre G permet de distinguer les LR, A, V et PJ du conseil départemental"
consultation-numerique-sur-la-participation-citoyenne-a-paris,Consultation numérique sur la participation citoyenne à Paris,"Equipements, Services, Social","numérique,consultation,participation,DDCT","Direction de la Démocratie, des Citoyen.ne.s et des Territoires - Ville de Paris",,,Open Database License (ODbL),2017-05-11,444,Données issues de la campagne de concertation suivante: Consultation numérique sur la participation citoyenne à Paris
zones-de-caves-inondees-1910,Zones des caves inondées - 1910,Urbanisme et Logements,"caves,crues,inondation,eau,DPSP",Direction de la Prévention et de la Protection - Ville de Paris,,,Open Database License (ODbL),2017-02-17,595,"Secteurs de caves inondées, dans l'hypothèse d'une crue type 1910. Les enregistrements de la colonne CDEP égales à 0 correspondent à des zones situées au-delà des territoires de Paris et des 3 départements de la petite couronne."
quartier_paris,Quartiers administratifs,Urbanisme et Logements,"quartier,arrondissement,limites administratives,DU",Direction de l'Urbanisme - Ville de Paris,,,Open Database License (ODbL),2017-02-17,80,Données géographiques surfaciques. Le quartier désigne la division administrative de l’arrondissement. Chaque arrondissement est découpé en quatre quartiers administratifs. Paris compte ainsi quatre-vingt quartiers administratifs. Étendue géographique : Paris Fichier joint quartier.pdf contient la description détaillée de la structure des données
arc_innovation,Arc de l'innovation,Urbanisme et Logements,"innovation,arc de l'innovation,innovation sociale,DAE",Direction de l'Attractivité et de l'Emploi - Ville de Paris,,,Open Database License (ODbL),2016-09-12,558,"Le jeu de données de l’Arc de l’Innovation a pour vocation de recenser l’ensemble des projets innovants situés dans le périmètre de l’Arc, à cheval entre Paris et les territoire limitrophes. Ces projets recouvrent différents champs de l’innovation et constituent une communauté d’acteurs et de lieux qui permettent l’émergence de nouveaux projets et la création d’emplois au sein de l’Arc. De l’innovation sociale à la méthode de construction de projets en passant par les nouveaux services urbains, la nouvelle économie et l’enseignement, l’ensemble des grandes dynamiques d’avenir existent et se dé"
zones-touristiques-internationales,Zones Touristiques Internationales,Commerces et Tourisme,"commerce,tourisme,DU",Direction de l'Urbanisme - Ville de Paris,,,Open Database License (ODbL),2016-07-27,12,"Délimitation des zones touristiques internationales . Les zones touristiques internationales (ZTI) sont des zones où les commerces de détail peuvent déroger au repos dominical des salariés Plus d'informations: Apur ( Atelier parisien d'urbanisme): http://www.apur.org/etude/zones-touristiques-inter... Ministère de l'Economie, de l'Industrie et des Nouvelles Technologies: http://www.economie.gouv.fr/vous-orienter/entrepri..."
commerces-semaest,Les commerces de la SEMAEST,Commerces et Tourisme,"commerces,économie,artisanat,proximité",SEMAEST ,,,Open Database License (ODbL),2016-03-09,311,Une séléction des locaux commerciaux et artisanaux de la SEMAEST au 31/12/2015 selon leur catégorie d'activité et l'opération qui a permis de les installer. http://www.semaest.fr/
arrondissements,Arrondissements,Urbanisme et Logements,"limites administratives,arrondissement,DU",Direction de l'Urbanisme - Ville de Paris,,,Open Database License (ODbL),2016-03-04,20,L’arrondissement municipal désigne une partition de la commune de Paris. Délimitation des arrondissements : le décret impérial du 1er novembre 1859 fixe les dénominations des vingt arrondissements de la ville de Paris. Les communes de Lyon et Marseille présentent également une organisation administrative en arrondissements. Contraintes géographiques et topologiques : Un arrondissement est formé d’un seul polygone. La couche graphique respecte une topologie de surfaces. La cohérence topologique se caractérise par l’absence de « trou » ou de « chevauchement » entre arrondissements.
construisons-la-metropole-du-grand-paris-ideeparis,Construisons la Métropôle du Grand Paris - idée.paris,"Equipements, Services, Social","participation,concertation,DDCT","Direction de la Démocratie, des Citoyen.ne.s et des Territoires - Ville de Paris",,,Open Database License (ODbL),2016-02-12,362,Données issues de la campagne de concertation suivante: https://idee.paris.fr/construisons-la-metropole
concessions-redevances-percues,Concessions redevances perçues,Administration et Finances Publiques,"concessions,recettes,DFA",Direction des Finances et des Achats - Ville de Paris,,,Open Database License (ODbL),2015-05-18,1898,"Le jeu de données présente les recettes liquidées par la Ville de Paris via l’outil de gestion dématérialisée des recettes, au titre de l’occupation et/ou de l’exploitation des concessions relevant du domaine public et du domaine privé de la Ville de paris. Les données sont extraites de l’outil de gestion dématérialisée des recettes, elles ne retracent donc que les recettes liquidées via cet outil. Le fichier retrace pour chaque contrat, la nature juridique du contrat, son objet, le nom du concessionnaire, les dates d’échéances et les recettes appelées en plusieurs fois sur l’année ( si la pré"
pim,PIM (Programme d'investissement de la Mandature),Administration et Finances Publiques,"PIM,Mandature,Investissement,budget,DFA",Direction des Finances et des Achats - Ville de Paris,,,Open Database License (ODbL),2015-05-13,46,"Le PIM (Programme d'investissement de la Mandature) regroupe la totalité des opérations d'investissement dont le règlement financier interviendra sur la période de la mandature à savoir 2015 - 2020 soit 6 exercices comptables. Il se décline en grands blocs que sont, par exemple, le logement et la promotion de la mixité sociale; la transformation de Paris en ville verte, ouverte et apaisée; l'éducation; le développement des transports publics; la transition énergétique, pour les thèmes les plus importants. Nom de la colonne Définition Politique publique Grand thème transverse et structurant cor"
ordres_du_jour_du_conseil_general,Ordres du jour du Conseil Général  - 2008 à 2014,Citoyenneté,"délibération,assemblée,vote,conseil de Paris,DDCT","Direction de la Démocratie, des Citoyen.ne.s et des Territoires - Ville de Paris",,,Open Database License (ODbL),2015-03-19,6808,"Ordres du jour du Conseil Général de mars 2008 à décembre 2014 par séance. Dans le jeu de données, les abréviations PJ, LR, A, V, VNR, DSP correspondent aux intitulés suivants : PJ : projet de délibération LR : Lettre rectificative A : Amendement V : Vœu VNR : vœu non rattaché à un projet de délibération DSP : Délégation de service public&lt;&lt;&lt;&lt;&lt;&lt;<"
ordres_du_jour_du_conseil_municipal,Ordres du jour du Conseil Municipal - 2008 à 2014,Citoyenneté,"délibération,aseemblée,vote,conseil de Paris,DDCT","Direction de la Démocratie, des Citoyen.ne.s et des Territoires - Ville de Paris",,,Open Database License (ODbL),2015-03-19,32167,"Ordres du jour du conseil municipal de mars 2008 à décembre 2014 par séance. Dans le jeu de données, les abréviations PJ, LR, A, V, VNR, DSP correspondent aux intitulés suivants : PJ : projet de délibération LR : Lettre rectificative A : Amendement V : Vœu VNR : vœu non rattaché à un projet de délibération DSP : Délégation de service public &lt;&lt;&lt;&lt;&lt;<"
liste_des_associations_parisiennes,Liste des associations parisiennes,"Equipements, Services, Social","annuaire,association,DDCT","Direction de la Démocratie, des Citoyen.ne.s et des Territoires - Ville de Paris",,,Open Database License (ODbL),2015-02-27,70993,"Liste des associations en relation avec la municipalité parisienne. Ce jeu de données comprend le nom statutaire de l'association, son code postal et sa ville d'enregistrement, ses secteurs d'activité, son domaine d'activité, ses publics, son secteur géographique d'activité et l'identifiant de sa fiche si elle est présente dans l'annuaire parisien des associations accessible via l'adresse : http://w35-associations.apps.paris.fr/searchasso/jsp/site/Portal.jsp?page=searchasso&id;=[IDASSO] Attention : - Le fichier dispose déjà du caractère ""dollar"" comme séparateur. - Les mêmes lignes semblent pa"
les-conseillers-de-paris-de-1977-a-2014,Les membres du Conseil de Paris depuis 1977,Citoyenneté,"conseil de Paris,Conseillers,Mandature,élu,conseil,DDCT","Direction de la Démocratie, des Citoyen.ne.s et des Territoires - Ville de Paris",,,Open Database License (ODbL),2015-02-10,985,"Ce jeu de données recense tous les conseillers de Paris de 1977 à 2014. L'onglet Images comprend les photos des conseillers. En pièce jointe sont les fichiers zippés comprenant les photos. Si vous êtes intéréssé par le Conseil de Paris, vous pouvez contacter Fabrice Deschamps, chargé des relations avec les publics au Service du Conseil de Paris à l'adresse suivante: DDCT-SCP-Relations-Avec-Les-Publics@paris.fr"
plaques_commemoratives_1939-1945,Plaques commémoratives 1939-1945,Culture,"commémoration,guerre,plaque,patrimoine",Direction des Affaires Culturelles - Ville de Paris,,,Open Database License (ODbL),2014-02-28,1219,"La liste des plaques commémoratives des personnes et des organisations qui se sont illustrées durant la période 1939-1945 par arrondissement. Exemples de réutilisations: - A l'aide du site www.plaques-paris.fr, conformément à la licence ODbl, le fichier web service tabulaire (Google Feuille de calcul) a reçu une amélioration. (Ajout des coordonnées géographiques)"
